Project,Location,Foundation Date,Classification,Likely Reason,Suggested Action,Raw Rows (same proj+loc),Raw Rows With Start Date,Raw Min Start Date,Raw Location Variants,Raw Line Variants,Daily Rows (same proj+loc),Daily Rows With Start Date,Daily Min Start Date,Daily Line Variants,Project DPR File (latest)
TA 413,16/0,,A_TRUE_MISSING_IN_ERECTION_RAW,Location absent in raw erection DPR parsed data,Treat as true missing erection start unless location exists in source DPR under different code/token,0,0,,,,0,0,,,TA 413 - DPR - 2026-05-19.xlsx
TA 413,3/4,,A_TRUE_MISSING_IN_ERECTION_RAW,Location absent in raw erection DPR parsed data,Treat as true missing erection start unless location exists in source DPR under different code/token,0,0,,,,0,0,,,TA 413 - DPR - 2026-05-19.xlsx
TA 413,3/6,,A_TRUE_MISSING_IN_ERECTION_RAW,Location absent in raw erection DPR parsed data,Treat as true missing erection start unless location exists in source DPR under different code/token,0,0,,,,0,0,,,TA 413 - DPR - 2026-05-19.xlsx
TA 413,3/7,,A_TRUE_MISSING_IN_ERECTION_RAW,Location absent in raw erection DPR parsed data,Treat as true missing erection start unless location exists in source DPR under different code/token,0,0,,,,0,0,,,TA 413 - DPR - 2026-05-19.xlsx
TA 413,3/8,,A_TRUE_MISSING_IN_ERECTION_RAW,Location absent in raw erection DPR parsed data,Treat as true missing erection start unless location exists in source DPR under different code/token,0,0,,,,0,0,,,TA 413 - DPR - 2026-05-19.xlsx
TA 413,3/9,,A_TRUE_MISSING_IN_ERECTION_RAW,Location absent in raw erection DPR parsed data,Treat as true missing erection start unless location exists in source DPR under different code/token,0,0,,,,0,0,,,TA 413 - DPR - 2026-05-19.xlsx
TA 413,36B/0,,A_TRUE_MISSING_IN_ERECTION_RAW,Location absent in raw erection DPR parsed data,Treat as true missing erection start unless location exists in source DPR under different code/token,0,0,,,,0,0,,,TA 413 - DPR - 2026-05-19.xlsx
TA 413,37/0,,A_TRUE_MISSING_IN_ERECTION_RAW,Location absent in raw erection DPR parsed data,Treat as true missing erection start unless location exists in source DPR under different code/token,0,0,,,,0,0,,,TA 413 - DPR - 2026-05-19.xlsx
TA 413,37/1,,A_TRUE_MISSING_IN_ERECTION_RAW,Location absent in raw erection DPR parsed data,Treat as true missing erection start unless location exists in source DPR under different code/token,0,0,,,,0,0,,,TA 413 - DPR - 2026-05-19.xlsx
TA 413,N'37/0,,A_TRUE_MISSING_IN_ERECTION_RAW,Location absent in raw erection DPR parsed data,Treat as true missing erection start unless location exists in source DPR under different code/token,0,0,,,,0,0,,,TA 413 - DPR - 2026-05-19.xlsx
TA 413,N'37A/0,,A_TRUE_MISSING_IN_ERECTION_RAW,Location absent in raw erection DPR parsed data,Treat as true missing erection start unless location exists in source DPR under different code/token,0,0,,,,0,0,,,TA 413 - DPR - 2026-05-19.xlsx
TA 414,151A/0,,A_TRUE_MISSING_IN_ERECTION_RAW,Location absent in raw erection DPR parsed data,Treat as true missing erection start unless location exists in source DPR under different code/token,0,0,,,,0,0,,,TA 414 - DPR - 2026-05-19.xlsx
TA 416,"66/0 A,B",,A_TRUE_MISSING_IN_ERECTION_RAW,Location absent in raw erection DPR parsed data,Treat as true missing erection start unless location exists in source DPR under different code/token,0,0,,,,0,0,,,TA 416 - DPR - 2026-05-17.xlsx
TA 416,"66/0 C,D",,A_TRUE_MISSING_IN_ERECTION_RAW,Location absent in raw erection DPR parsed data,Treat as true missing erection start unless location exists in source DPR under different code/token,0,0,,,,0,0,,,TA 416 - DPR - 2026-05-17.xlsx
TA 418,35/6,,A_TRUE_MISSING_IN_ERECTION_RAW,Location absent in raw erection DPR parsed data,Treat as true missing erection start unless location exists in source DPR under different code/token,0,0,,,,0,0,,,TA 418 - DPR - 2026-05-17.xlsx
TA 418,45/02,,A_TRUE_MISSING_IN_ERECTION_RAW,Location absent in raw erection DPR parsed data,Treat as true missing erection start unless location exists in source DPR under different code/token,0,0,,,,0,0,,,TA 418 - DPR - 2026-05-17.xlsx
TA 505,129/0,,A_TRUE_MISSING_IN_ERECTION_RAW,Location absent in raw erection DPR parsed data,Treat as true missing erection start unless location exists in source DPR under different code/token,0,0,,,,0,0,,,TA 505 - DPR - 2026-05-19.xlsx
TA 505,129/1,,A_TRUE_MISSING_IN_ERECTION_RAW,Location absent in raw erection DPR parsed data,Treat as true missing erection start unless location exists in source DPR under different code/token,0,0,,,,0,0,,,TA 505 - DPR - 2026-05-19.xlsx
TA 505,133/0,,A_TRUE_MISSING_IN_ERECTION_RAW,Location absent in raw erection DPR parsed data,Treat as true missing erection start unless location exists in source DPR under different code/token,0,0,,,,0,0,,,TA 505 - DPR - 2026-05-19.xlsx
TA 505,134/0,,A_TRUE_MISSING_IN_ERECTION_RAW,Location absent in raw erection DPR parsed data,Treat as true missing erection start unless location exists in source DPR under different code/token,0,0,,,,0,0,,,TA 505 - DPR - 2026-05-19.xlsx
TA 505,137/0,,A_TRUE_MISSING_IN_ERECTION_RAW,Location absent in raw erection DPR parsed data,Treat as true missing erection start unless location exists in source DPR under different code/token,0,0,,,,0,0,,,TA 505 - DPR - 2026-05-19.xlsx
TA 505,138/0,,A_TRUE_MISSING_IN_ERECTION_RAW,Location absent in raw erection DPR parsed data,Treat as true missing erection start unless location exists in source DPR under different code/token,0,0,,,,0,0,,,TA 505 - DPR - 2026-05-19.xlsx
TA 505,143/0,,A_TRUE_MISSING_IN_ERECTION_RAW,Location absent in raw erection DPR parsed data,Treat as true missing erection start unless location exists in source DPR under different code/token,0,0,,,,0,0,,,TA 505 - DPR - 2026-05-19.xlsx
TA 505,144/0,,A_TRUE_MISSING_IN_ERECTION_RAW,Location absent in raw erection DPR parsed data,Treat as true missing erection start unless location exists in source DPR under different code/token,0,0,,,,0,0,,,TA 505 - DPR - 2026-05-19.xlsx
TA 505,148B/0,,A_TRUE_MISSING_IN_ERECTION_RAW,Location absent in raw erection DPR parsed data,Treat as true missing erection start unless location exists in source DPR under different code/token,0,0,,,,0,0,,,TA 505 - DPR - 2026-05-19.xlsx
TA 505,148C/0,,A_TRUE_MISSING_IN_ERECTION_RAW,Location absent in raw erection DPR parsed data,Treat as true missing erection start unless location exists in source DPR under different code/token,0,0,,,,0,0,,,TA 505 - DPR - 2026-05-19.xlsx
TA 505,149B/0,,A_TRUE_MISSING_IN_ERECTION_RAW,Location absent in raw erection DPR parsed data,Treat as true missing erection start unless location exists in source DPR under different code/token,0,0,,,,0,0,,,TA 505 - DPR - 2026-05-19.xlsx
TA 505,157/0,,A_TRUE_MISSING_IN_ERECTION_RAW,Location absent in raw erection DPR parsed data,Treat as true missing erection start unless location exists in source DPR under different code/token,0,0,,,,0,0,,,TA 505 - DPR - 2026-05-19.xlsx
TA 505,158/0,,A_TRUE_MISSING_IN_ERECTION_RAW,Location absent in raw erection DPR parsed data,Treat as true missing erection start unless location exists in source DPR under different code/token,0,0,,,,0,0,,,TA 505 - DPR - 2026-05-19.xlsx
TA 505,171/5,,A_TRUE_MISSING_IN_ERECTION_RAW,Location absent in raw erection DPR parsed data,Treat as true missing erection start unless location exists in source DPR under different code/token,0,0,,,,0,0,,,TA 505 - DPR - 2026-05-19.xlsx
TA 505,174B/0,,A_TRUE_MISSING_IN_ERECTION_RAW,Location absent in raw erection DPR parsed data,Treat as true missing erection start unless location exists in source DPR under different code/token,0,0,,,,0,0,,,TA 505 - DPR - 2026-05-19.xlsx
TA 505,181/2,,A_TRUE_MISSING_IN_ERECTION_RAW,Location absent in raw erection DPR parsed data,Treat as true missing erection start unless location exists in source DPR under different code/token,0,0,,,,0,0,,,TA 505 - DPR - 2026-05-19.xlsx
TA 509,13/5,,A_TRUE_MISSING_IN_ERECTION_RAW,Location absent in raw erection DPR parsed data,Treat as true missing erection start unless location exists in source DPR under different code/token,0,0,,,,0,0,,,TA 509 - DPR - 2026-05-18.xlsx
TA 509,21/0,,A_TRUE_MISSING_IN_ERECTION_RAW,Location absent in raw erection DPR parsed data,Treat as true missing erection start unless location exists in source DPR under different code/token,0,0,,,,0,0,,,TA 509 - DPR - 2026-05-18.xlsx
TA 509,21/3,,A_TRUE_MISSING_IN_ERECTION_RAW,Location absent in raw erection DPR parsed data,Treat as true missing erection start unless location exists in source DPR under different code/token,0,0,,,,0,0,,,TA 509 - DPR - 2026-05-18.xlsx
TA 509,23/0,,A_TRUE_MISSING_IN_ERECTION_RAW,Location absent in raw erection DPR parsed data,Treat as true missing erection start unless location exists in source DPR under different code/token,0,0,,,,0,0,,,TA 509 - DPR - 2026-05-18.xlsx
TA 509,24/1,,A_TRUE_MISSING_IN_ERECTION_RAW,Location absent in raw erection DPR parsed data,Treat as true missing erection start unless location exists in source DPR under different code/token,0,0,,,,0,0,,,TA 509 - DPR - 2026-05-18.xlsx
TA 509,24/2,,A_TRUE_MISSING_IN_ERECTION_RAW,Location absent in raw erection DPR parsed data,Treat as true missing erection start unless location exists in source DPR under different code/token,0,0,,,,0,0,,,TA 509 - DPR - 2026-05-18.xlsx
TA 509,24/4,,A_TRUE_MISSING_IN_ERECTION_RAW,Location absent in raw erection DPR parsed data,Treat as true missing erection start unless location exists in source DPR under different code/token,0,0,,,,0,0,,,TA 509 - DPR - 2026-05-18.xlsx
TA 509,24/5,,A_TRUE_MISSING_IN_ERECTION_RAW,Location absent in raw erection DPR parsed data,Treat as true missing erection start unless location exists in source DPR under different code/token,0,0,,,,0,0,,,TA 509 - DPR - 2026-05-18.xlsx
TA 509,26/0,,A_TRUE_MISSING_IN_ERECTION_RAW,Location absent in raw erection DPR parsed data,Treat as true missing erection start unless location exists in source DPR under different code/token,0,0,,,,0,0,,,TA 509 - DPR - 2026-05-18.xlsx
TA 509,3/0,,A_TRUE_MISSING_IN_ERECTION_RAW,Location absent in raw erection DPR parsed data,Treat as true missing erection start unless location exists in source DPR under different code/token,0,0,,,,0,0,,,TA 509 - DPR - 2026-05-18.xlsx
TA 509,3/1,,A_TRUE_MISSING_IN_ERECTION_RAW,Location absent in raw erection DPR parsed data,Treat as true missing erection start unless location exists in source DPR under different code/token,0,0,,,,0,0,,,TA 509 - DPR - 2026-05-18.xlsx
TA 509,35/0,,A_TRUE_MISSING_IN_ERECTION_RAW,Location absent in raw erection DPR parsed data,Treat as true missing erection start unless location exists in source DPR under different code/token,0,0,,,,0,0,,,TA 509 - DPR - 2026-05-18.xlsx
TA 509,39/10,,A_TRUE_MISSING_IN_ERECTION_RAW,Location absent in raw erection DPR parsed data,Treat as true missing erection start unless location exists in source DPR under different code/token,0,0,,,,0,0,,,TA 509 - DPR - 2026-05-18.xlsx
TA 509,39/11,,A_TRUE_MISSING_IN_ERECTION_RAW,Location absent in raw erection DPR parsed data,Treat as true missing erection start unless location exists in source DPR under different code/token,0,0,,,,0,0,,,TA 509 - DPR - 2026-05-18.xlsx
TA 509,39/6,,A_TRUE_MISSING_IN_ERECTION_RAW,Location absent in raw erection DPR parsed data,Treat as true missing erection start unless location exists in source DPR under different code/token,0,0,,,,0,0,,,TA 509 - DPR - 2026-05-18.xlsx
TA 509,39/7,,A_TRUE_MISSING_IN_ERECTION_RAW,Location absent in raw erection DPR parsed data,Treat as true missing erection start unless location exists in source DPR under different code/token,0,0,,,,0,0,,,TA 509 - DPR - 2026-05-18.xlsx
TA 509,39/8,,A_TRUE_MISSING_IN_ERECTION_RAW,Location absent in raw erection DPR parsed data,Treat as true missing erection start unless location exists in source DPR under different code/token,0,0,,,,0,0,,,TA 509 - DPR - 2026-05-18.xlsx
TA 509,39/9,,A_TRUE_MISSING_IN_ERECTION_RAW,Location absent in raw erection DPR parsed data,Treat as true missing erection start unless location exists in source DPR under different code/token,0,0,,,,0,0,,,TA 509 - DPR - 2026-05-18.xlsx
TA 509,4/0,,A_TRUE_MISSING_IN_ERECTION_RAW,Location absent in raw erection DPR parsed data,Treat as true missing erection start unless location exists in source DPR under different code/token,0,0,,,,0,0,,,TA 509 - DPR - 2026-05-18.xlsx
TA 509,4/3,,A_TRUE_MISSING_IN_ERECTION_RAW,Location absent in raw erection DPR parsed data,Treat as true missing erection start unless location exists in source DPR under different code/token,0,0,,,,0,0,,,TA 509 - DPR - 2026-05-18.xlsx
TA 509,4/4,,A_TRUE_MISSING_IN_ERECTION_RAW,Location absent in raw erection DPR parsed data,Treat as true missing erection start unless location exists in source DPR under different code/token,0,0,,,,0,0,,,TA 509 - DPR - 2026-05-18.xlsx
TA 509,4/5,,A_TRUE_MISSING_IN_ERECTION_RAW,Location absent in raw erection DPR parsed data,Treat as true missing erection start unless location exists in source DPR under different code/token,0,0,,,,0,0,,,TA 509 - DPR - 2026-05-18.xlsx
TA 509,4/6,,A_TRUE_MISSING_IN_ERECTION_RAW,Location absent in raw erection DPR parsed data,Treat as true missing erection start unless location exists in source DPR under different code/token,0,0,,,,0,0,,,TA 509 - DPR - 2026-05-18.xlsx
TA 509,41/1,,A_TRUE_MISSING_IN_ERECTION_RAW,Location absent in raw erection DPR parsed data,Treat as true missing erection start unless location exists in source DPR under different code/token,0,0,,,,0,0,,,TA 509 - DPR - 2026-05-18.xlsx
TA 509,41/2,,A_TRUE_MISSING_IN_ERECTION_RAW,Location absent in raw erection DPR parsed data,Treat as true missing erection start unless location exists in source DPR under different code/token,0,0,,,,0,0,,,TA 509 - DPR - 2026-05-18.xlsx
TA 509,41/4,,A_TRUE_MISSING_IN_ERECTION_RAW,Location absent in raw erection DPR parsed data,Treat as true missing erection start unless location exists in source DPR under different code/token,0,0,,,,0,0,,,TA 509 - DPR - 2026-05-18.xlsx
TA 509,41/5,,A_TRUE_MISSING_IN_ERECTION_RAW,Location absent in raw erection DPR parsed data,Treat as true missing erection start unless location exists in source DPR under different code/token,0,0,,,,0,0,,,TA 509 - DPR - 2026-05-18.xlsx
TA 509,41/7,,A_TRUE_MISSING_IN_ERECTION_RAW,Location absent in raw erection DPR parsed data,Treat as true missing erection start unless location exists in source DPR under different code/token,0,0,,,,0,0,,,TA 509 - DPR - 2026-05-18.xlsx
TA 509,41/8,,A_TRUE_MISSING_IN_ERECTION_RAW,Location absent in raw erection DPR parsed data,Treat as true missing erection start unless location exists in source DPR under different code/token,0,0,,,,0,0,,,TA 509 - DPR - 2026-05-18.xlsx
TA 509,44/2,,A_TRUE_MISSING_IN_ERECTION_RAW,Location absent in raw erection DPR parsed data,Treat as true missing erection start unless location exists in source DPR under different code/token,0,0,,,,0,0,,,TA 509 - DPR - 2026-05-18.xlsx
TA 509,44/3,,A_TRUE_MISSING_IN_ERECTION_RAW,Location absent in raw erection DPR parsed data,Treat as true missing erection start unless location exists in source DPR under different code/token,0,0,,,,0,0,,,TA 509 - DPR - 2026-05-18.xlsx
TA 509,45/2,,A_TRUE_MISSING_IN_ERECTION_RAW,Location absent in raw erection DPR parsed data,Treat as true missing erection start unless location exists in source DPR under different code/token,0,0,,,,0,0,,,TA 509 - DPR - 2026-05-18.xlsx
TA 509,47/2,,A_TRUE_MISSING_IN_ERECTION_RAW,Location absent in raw erection DPR parsed data,Treat as true missing erection start unless location exists in source DPR under different code/token,0,0,,,,0,0,,,TA 509 - DPR - 2026-05-18.xlsx
TA 509,47/3,,A_TRUE_MISSING_IN_ERECTION_RAW,Location absent in raw erection DPR parsed data,Treat as true missing erection start unless location exists in source DPR under different code/token,0,0,,,,0,0,,,TA 509 - DPR - 2026-05-18.xlsx
TA 509,47/4,,A_TRUE_MISSING_IN_ERECTION_RAW,Location absent in raw erection DPR parsed data,Treat as true missing erection start unless location exists in source DPR under different code/token,0,0,,,,0,0,,,TA 509 - DPR - 2026-05-18.xlsx
TA 509,47/6,,A_TRUE_MISSING_IN_ERECTION_RAW,Location absent in raw erection DPR parsed data,Treat as true missing erection start unless location exists in source DPR under different code/token,0,0,,,,0,0,,,TA 509 - DPR - 2026-05-18.xlsx
TA 509,47/7,,A_TRUE_MISSING_IN_ERECTION_RAW,Location absent in raw erection DPR parsed data,Treat as true missing erection start unless location exists in source DPR under different code/token,0,0,,,,0,0,,,TA 509 - DPR - 2026-05-18.xlsx
TA 509,47/9,,A_TRUE_MISSING_IN_ERECTION_RAW,Location absent in raw erection DPR parsed data,Treat as true missing erection start unless location exists in source DPR under different code/token,0,0,,,,0,0,,,TA 509 - DPR - 2026-05-18.xlsx
TA 509,48/0,,A_TRUE_MISSING_IN_ERECTION_RAW,Location absent in raw erection DPR parsed data,Treat as true missing erection start unless location exists in source DPR under different code/token,0,0,,,,0,0,,,TA 509 - DPR - 2026-05-18.xlsx
TA 509,48/3,,A_TRUE_MISSING_IN_ERECTION_RAW,Location absent in raw erection DPR parsed data,Treat as true missing erection start unless location exists in source DPR under different code/token,0,0,,,,0,0,,,TA 509 - DPR - 2026-05-18.xlsx
TA 509,48/6,,A_TRUE_MISSING_IN_ERECTION_RAW,Location absent in raw erection DPR parsed data,Treat as true missing erection start unless location exists in source DPR under different code/token,0,0,,,,0,0,,,TA 509 - DPR - 2026-05-18.xlsx
TA 509,48/9,,A_TRUE_MISSING_IN_ERECTION_RAW,Location absent in raw erection DPR parsed data,Treat as true missing erection start unless location exists in source DPR under different code/token,0,0,,,,0,0,,,TA 509 - DPR - 2026-05-18.xlsx
TA 509,49/3,,A_TRUE_MISSING_IN_ERECTION_RAW,Location absent in raw erection DPR parsed data,Treat as true missing erection start unless location exists in source DPR under different code/token,0,0,,,,0,0,,,TA 509 - DPR - 2026-05-18.xlsx
TA 509,49/5,,A_TRUE_MISSING_IN_ERECTION_RAW,Location absent in raw erection DPR parsed data,Treat as true missing erection start unless location exists in source DPR under different code/token,0,0,,,,0,0,,,TA 509 - DPR - 2026-05-18.xlsx
TA 509,50/0,,A_TRUE_MISSING_IN_ERECTION_RAW,Location absent in raw erection DPR parsed data,Treat as true missing erection start unless location exists in source DPR under different code/token,0,0,,,,0,0,,,TA 509 - DPR - 2026-05-18.xlsx
TA 509,51/3,,A_TRUE_MISSING_IN_ERECTION_RAW,Location absent in raw erection DPR parsed data,Treat as true missing erection start unless location exists in source DPR under different code/token,0,0,,,,0,0,,,TA 509 - DPR - 2026-05-18.xlsx
TA 509,53A/0,,A_TRUE_MISSING_IN_ERECTION_RAW,Location absent in raw erection DPR parsed data,Treat as true missing erection start unless location exists in source DPR under different code/token,0,0,,,,0,0,,,TA 509 - DPR - 2026-05-18.xlsx
TA 509,53B/0,,A_TRUE_MISSING_IN_ERECTION_RAW,Location absent in raw erection DPR parsed data,Treat as true missing erection start unless location exists in source DPR under different code/token,0,0,,,,0,0,,,TA 509 - DPR - 2026-05-18.xlsx
TA 509,54/0,,A_TRUE_MISSING_IN_ERECTION_RAW,Location absent in raw erection DPR parsed data,Treat as true missing erection start unless location exists in source DPR under different code/token,0,0,,,,0,0,,,TA 509 - DPR - 2026-05-18.xlsx
TA 509,56/2,,A_TRUE_MISSING_IN_ERECTION_RAW,Location absent in raw erection DPR parsed data,Treat as true missing erection start unless location exists in source DPR under different code/token,0,0,,,,0,0,,,TA 509 - DPR - 2026-05-18.xlsx
TA 509,63/2,,A_TRUE_MISSING_IN_ERECTION_RAW,Location absent in raw erection DPR parsed data,Treat as true missing erection start unless location exists in source DPR under different code/token,0,0,,,,0,0,,,TA 509 - DPR - 2026-05-18.xlsx
TA 509,64/1,,A_TRUE_MISSING_IN_ERECTION_RAW,Location absent in raw erection DPR parsed data,Treat as true missing erection start unless location exists in source DPR under different code/token,0,0,,,,0,0,,,TA 509 - DPR - 2026-05-18.xlsx
TA 509,65/0,,A_TRUE_MISSING_IN_ERECTION_RAW,Location absent in raw erection DPR parsed data,Treat as true missing erection start unless location exists in source DPR under different code/token,0,0,,,,0,0,,,TA 509 - DPR - 2026-05-18.xlsx
TA 509,65/1,,A_TRUE_MISSING_IN_ERECTION_RAW,Location absent in raw erection DPR parsed data,Treat as true missing erection start unless location exists in source DPR under different code/token,0,0,,,,0,0,,,TA 509 - DPR - 2026-05-18.xlsx
TA 509,65/3,,A_TRUE_MISSING_IN_ERECTION_RAW,Location absent in raw erection DPR parsed data,Treat as true missing erection start unless location exists in source DPR under different code/token,0,0,,,,0,0,,,TA 509 - DPR - 2026-05-18.xlsx
TA 509,65/4,,A_TRUE_MISSING_IN_ERECTION_RAW,Location absent in raw erection DPR parsed data,Treat as true missing erection start unless location exists in source DPR under different code/token,0,0,,,,0,0,,,TA 509 - DPR - 2026-05-18.xlsx
TA 509,66/3,,A_TRUE_MISSING_IN_ERECTION_RAW,Location absent in raw erection DPR parsed data,Treat as true missing erection start unless location exists in source DPR under different code/token,0,0,,,,0,0,,,TA 509 - DPR - 2026-05-18.xlsx
TA 509,66/7,,A_TRUE_MISSING_IN_ERECTION_RAW,Location absent in raw erection DPR parsed data,Treat as true missing erection start unless location exists in source DPR under different code/token,0,0,,,,0,0,,,TA 509 - DPR - 2026-05-18.xlsx
TA 510,131/1,,A_TRUE_MISSING_IN_ERECTION_RAW,Location absent in raw erection DPR parsed data,Treat as true missing erection start unless location exists in source DPR under different code/token,0,0,,,,0,0,,,TA 510 - DPR - 2026-05-19.xlsx
TA 510,133/0,,A_TRUE_MISSING_IN_ERECTION_RAW,Location absent in raw erection DPR parsed data,Treat as true missing erection start unless location exists in source DPR under different code/token,0,0,,,,0,0,,,TA 510 - DPR - 2026-05-19.xlsx
TA 510,133/1,,A_TRUE_MISSING_IN_ERECTION_RAW,Location absent in raw erection DPR parsed data,Treat as true missing erection start unless location exists in source DPR under different code/token,0,0,,,,0,0,,,TA 510 - DPR - 2026-05-19.xlsx
TA 510,133/2,,A_TRUE_MISSING_IN_ERECTION_RAW,Location absent in raw erection DPR parsed data,Treat as true missing erection start unless location exists in source DPR under different code/token,0,0,,,,0,0,,,TA 510 - DPR - 2026-05-19.xlsx
TA 510,136/0,,A_TRUE_MISSING_IN_ERECTION_RAW,Location absent in raw erection DPR parsed data,Treat as true missing erection start unless location exists in source DPR under different code/token,0,0,,,,0,0,,,TA 510 - DPR - 2026-05-19.xlsx
TA 510,137/0,,A_TRUE_MISSING_IN_ERECTION_RAW,Location absent in raw erection DPR parsed data,Treat as true missing erection start unless location exists in source DPR under different code/token,0,0,,,,0,0,,,TA 510 - DPR - 2026-05-19.xlsx
TA 510,138/0,,A_TRUE_MISSING_IN_ERECTION_RAW,Location absent in raw erection DPR parsed data,Treat as true missing erection start unless location exists in source DPR under different code/token,0,0,,,,0,0,,,TA 510 - DPR - 2026-05-19.xlsx
TA 510,138/1,,A_TRUE_MISSING_IN_ERECTION_RAW,Location absent in raw erection DPR parsed data,Treat as true missing erection start unless location exists in source DPR under different code/token,0,0,,,,0,0,,,TA 510 - DPR - 2026-05-19.xlsx
TA 510,138/2,,A_TRUE_MISSING_IN_ERECTION_RAW,Location absent in raw erection DPR parsed data,Treat as true missing erection start unless location exists in source DPR under different code/token,0,0,,,,0,0,,,TA 510 - DPR - 2026-05-19.xlsx
TA 510,138/3,,A_TRUE_MISSING_IN_ERECTION_RAW,Location absent in raw erection DPR parsed data,Treat as true missing erection start unless location exists in source DPR under different code/token,0,0,,,,0,0,,,TA 510 - DPR - 2026-05-19.xlsx
TA 510,139/0,,A_TRUE_MISSING_IN_ERECTION_RAW,Location absent in raw erection DPR parsed data,Treat as true missing erection start unless location exists in source DPR under different code/token,0,0,,,,0,0,,,TA 510 - DPR - 2026-05-19.xlsx
TA 510,139/1,,A_TRUE_MISSING_IN_ERECTION_RAW,Location absent in raw erection DPR parsed data,Treat as true missing erection start unless location exists in source DPR under different code/token,0,0,,,,0,0,,,TA 510 - DPR - 2026-05-19.xlsx
TA 510,139/3,,A_TRUE_MISSING_IN_ERECTION_RAW,Location absent in raw erection DPR parsed data,Treat as true missing erection start unless location exists in source DPR under different code/token,0,0,,,,0,0,,,TA 510 - DPR - 2026-05-19.xlsx
TA 510,139/4,,A_TRUE_MISSING_IN_ERECTION_RAW,Location absent in raw erection DPR parsed data,Treat as true missing erection start unless location exists in source DPR under different code/token,0,0,,,,0,0,,,TA 510 - DPR - 2026-05-19.xlsx
TA 510,139/5,,A_TRUE_MISSING_IN_ERECTION_RAW,Location absent in raw erection DPR parsed data,Treat as true missing erection start unless location exists in source DPR under different code/token,0,0,,,,0,0,,,TA 510 - DPR - 2026-05-19.xlsx
TA 510,142/0,,A_TRUE_MISSING_IN_ERECTION_RAW,Location absent in raw erection DPR parsed data,Treat as true missing erection start unless location exists in source DPR under different code/token,0,0,,,,0,0,,,TA 510 - DPR - 2026-05-19.xlsx
TA 510,143/2,,A_TRUE_MISSING_IN_ERECTION_RAW,Location absent in raw erection DPR parsed data,Treat as true missing erection start unless location exists in source DPR under different code/token,0,0,,,,0,0,,,TA 510 - DPR - 2026-05-19.xlsx
TA 510,144/0,,A_TRUE_MISSING_IN_ERECTION_RAW,Location absent in raw erection DPR parsed data,Treat as true missing erection start unless location exists in source DPR under different code/token,0,0,,,,0,0,,,TA 510 - DPR - 2026-05-19.xlsx
TA 510,147/2,,A_TRUE_MISSING_IN_ERECTION_RAW,Location absent in raw erection DPR parsed data,Treat as true missing erection start unless location exists in source DPR under different code/token,0,0,,,,0,0,,,TA 510 - DPR - 2026-05-19.xlsx
TA 510,148/0,,A_TRUE_MISSING_IN_ERECTION_RAW,Location absent in raw erection DPR parsed data,Treat as true missing erection start unless location exists in source DPR under different code/token,0,0,,,,0,0,,,TA 510 - DPR - 2026-05-19.xlsx
TA 510,150/2,,A_TRUE_MISSING_IN_ERECTION_RAW,Location absent in raw erection DPR parsed data,Treat as true missing erection start unless location exists in source DPR under different code/token,0,0,,,,0,0,,,TA 510 - DPR - 2026-05-19.xlsx
TA 510,153/0,,A_TRUE_MISSING_IN_ERECTION_RAW,Location absent in raw erection DPR parsed data,Treat as true missing erection start unless location exists in source DPR under different code/token,0,0,,,,0,0,,,TA 510 - DPR - 2026-05-19.xlsx
TA 510,155/1,,A_TRUE_MISSING_IN_ERECTION_RAW,Location absent in raw erection DPR parsed data,Treat as true missing erection start unless location exists in source DPR under different code/token,0,0,,,,0,0,,,TA 510 - DPR - 2026-05-19.xlsx
TA 510,155/3,,A_TRUE_MISSING_IN_ERECTION_RAW,Location absent in raw erection DPR parsed data,Treat as true missing erection start unless location exists in source DPR under different code/token,0,0,,,,0,0,,,TA 510 - DPR - 2026-05-19.xlsx
TA 510,155/4,,A_TRUE_MISSING_IN_ERECTION_RAW,Location absent in raw erection DPR parsed data,Treat as true missing erection start unless location exists in source DPR under different code/token,0,0,,,,0,0,,,TA 510 - DPR - 2026-05-19.xlsx
TA 510,155/5,,A_TRUE_MISSING_IN_ERECTION_RAW,Location absent in raw erection DPR parsed data,Treat as true missing erection start unless location exists in source DPR under different code/token,0,0,,,,0,0,,,TA 510 - DPR - 2026-05-19.xlsx
TA 510,156/0,,A_TRUE_MISSING_IN_ERECTION_RAW,Location absent in raw erection DPR parsed data,Treat as true missing erection start unless location exists in source DPR under different code/token,0,0,,,,0,0,,,TA 510 - DPR - 2026-05-19.xlsx
TA 510,156/1,,A_TRUE_MISSING_IN_ERECTION_RAW,Location absent in raw erection DPR parsed data,Treat as true missing erection start unless location exists in source DPR under different code/token,0,0,,,,0,0,,,TA 510 - DPR - 2026-05-19.xlsx
TA 510,156/2,,A_TRUE_MISSING_IN_ERECTION_RAW,Location absent in raw erection DPR parsed data,Treat as true missing erection start unless location exists in source DPR under different code/token,0,0,,,,0,0,,,TA 510 - DPR - 2026-05-19.xlsx
TA 510,156/3,,A_TRUE_MISSING_IN_ERECTION_RAW,Location absent in raw erection DPR parsed data,Treat as true missing erection start unless location exists in source DPR under different code/token,0,0,,,,0,0,,,TA 510 - DPR - 2026-05-19.xlsx
TA 510,156/4,,A_TRUE_MISSING_IN_ERECTION_RAW,Location absent in raw erection DPR parsed data,Treat as true missing erection start unless location exists in source DPR under different code/token,0,0,,,,0,0,,,TA 510 - DPR - 2026-05-19.xlsx
TA 510,157/2,,A_TRUE_MISSING_IN_ERECTION_RAW,Location absent in raw erection DPR parsed data,Treat as true missing erection start unless location exists in source DPR under different code/token,0,0,,,,0,0,,,TA 510 - DPR - 2026-05-19.xlsx
TA 510,157A/0,,A_TRUE_MISSING_IN_ERECTION_RAW,Location absent in raw erection DPR parsed data,Treat as true missing erection start unless location exists in source DPR under different code/token,0,0,,,,0,0,,,TA 510 - DPR - 2026-05-19.xlsx
TA 510,157B/0,,A_TRUE_MISSING_IN_ERECTION_RAW,Location absent in raw erection DPR parsed data,Treat as true missing erection start unless location exists in source DPR under different code/token,0,0,,,,0,0,,,TA 510 - DPR - 2026-05-19.xlsx
TA 510,157B/1,,A_TRUE_MISSING_IN_ERECTION_RAW,Location absent in raw erection DPR parsed data,Treat as true missing erection start unless location exists in source DPR under different code/token,0,0,,,,0,0,,,TA 510 - DPR - 2026-05-19.xlsx
TA 510,167/2,,A_TRUE_MISSING_IN_ERECTION_RAW,Location absent in raw erection DPR parsed data,Treat as true missing erection start unless location exists in source DPR under different code/token,0,0,,,,0,0,,,TA 510 - DPR - 2026-05-19.xlsx
TA 510,167/3,,A_TRUE_MISSING_IN_ERECTION_RAW,Location absent in raw erection DPR parsed data,Treat as true missing erection start unless location exists in source DPR under different code/token,0,0,,,,0,0,,,TA 510 - DPR - 2026-05-19.xlsx
TA 510,167/4,,A_TRUE_MISSING_IN_ERECTION_RAW,Location absent in raw erection DPR parsed data,Treat as true missing erection start unless location exists in source DPR under different code/token,0,0,,,,0,0,,,TA 510 - DPR - 2026-05-19.xlsx
TA 510,192/12,,A_TRUE_MISSING_IN_ERECTION_RAW,Location absent in raw erection DPR parsed data,Treat as true missing erection start unless location exists in source DPR under different code/token,0,0,,,,0,0,,,TA 510 - DPR - 2026-05-19.xlsx
TA 510,192/7,,A_TRUE_MISSING_IN_ERECTION_RAW,Location absent in raw erection DPR parsed data,Treat as true missing erection start unless location exists in source DPR under different code/token,0,0,,,,0,0,,,TA 510 - DPR - 2026-05-19.xlsx
TA 510,192/8,,A_TRUE_MISSING_IN_ERECTION_RAW,Location absent in raw erection DPR parsed data,Treat as true missing erection start unless location exists in source DPR under different code/token,0,0,,,,0,0,,,TA 510 - DPR - 2026-05-19.xlsx
TA 510,192/9,,A_TRUE_MISSING_IN_ERECTION_RAW,Location absent in raw erection DPR parsed data,Treat as true missing erection start unless location exists in source DPR under different code/token,0,0,,,,0,0,,,TA 510 - DPR - 2026-05-19.xlsx
TA 510,193/0,,A_TRUE_MISSING_IN_ERECTION_RAW,Location absent in raw erection DPR parsed data,Treat as true missing erection start unless location exists in source DPR under different code/token,0,0,,,,0,0,,,TA 510 - DPR - 2026-05-19.xlsx
TA 510,193/1,,A_TRUE_MISSING_IN_ERECTION_RAW,Location absent in raw erection DPR parsed data,Treat as true missing erection start unless location exists in source DPR under different code/token,0,0,,,,0,0,,,TA 510 - DPR - 2026-05-19.xlsx
TA 510,193/2,,A_TRUE_MISSING_IN_ERECTION_RAW,Location absent in raw erection DPR parsed data,Treat as true missing erection start unless location exists in source DPR under different code/token,0,0,,,,0,0,,,TA 510 - DPR - 2026-05-19.xlsx
TA 510,193/4,,A_TRUE_MISSING_IN_ERECTION_RAW,Location absent in raw erection DPR parsed data,Treat as true missing erection start unless location exists in source DPR under different code/token,0,0,,,,0,0,,,TA 510 - DPR - 2026-05-19.xlsx
TA 510,193/5,,A_TRUE_MISSING_IN_ERECTION_RAW,Location absent in raw erection DPR parsed data,Treat as true missing erection start unless location exists in source DPR under different code/token,0,0,,,,0,0,,,TA 510 - DPR - 2026-05-19.xlsx
TA 510,194/0,,A_TRUE_MISSING_IN_ERECTION_RAW,Location absent in raw erection DPR parsed data,Treat as true missing erection start unless location exists in source DPR under different code/token,0,0,,,,0,0,,,TA 510 - DPR - 2026-05-19.xlsx
TA 512,10/0,,A_TRUE_MISSING_IN_ERECTION_RAW,Location absent in raw erection DPR parsed data,Treat as true missing erection start unless location exists in source DPR under different code/token,0,0,,,,0,0,,,TA 512 - DPR - 2026-05-19.xlsx
TA 512,11/7,,A_TRUE_MISSING_IN_ERECTION_RAW,Location absent in raw erection DPR parsed data,Treat as true missing erection start unless location exists in source DPR under different code/token,0,0,,,,0,0,,,TA 512 - DPR - 2026-05-19.xlsx
TA 512,12/0,,A_TRUE_MISSING_IN_ERECTION_RAW,Location absent in raw erection DPR parsed data,Treat as true missing erection start unless location exists in source DPR under different code/token,0,0,,,,0,0,,,TA 512 - DPR - 2026-05-19.xlsx
TA 512,13/1,,A_TRUE_MISSING_IN_ERECTION_RAW,Location absent in raw erection DPR parsed data,Treat as true missing erection start unless location exists in source DPR under different code/token,0,0,,,,0,0,,,TA 512 - DPR - 2026-05-19.xlsx
TA 512,16/1,,A_TRUE_MISSING_IN_ERECTION_RAW,Location absent in raw erection DPR parsed data,Treat as true missing erection start unless location exists in source DPR under different code/token,0,0,,,,0,0,,,TA 512 - DPR - 2026-05-19.xlsx
TA 512,16/2,,A_TRUE_MISSING_IN_ERECTION_RAW,Location absent in raw erection DPR parsed data,Treat as true missing erection start unless location exists in source DPR under different code/token,0,0,,,,0,0,,,TA 512 - DPR - 2026-05-19.xlsx
TA 512,16/3,,A_TRUE_MISSING_IN_ERECTION_RAW,Location absent in raw erection DPR parsed data,Treat as true missing erection start unless location exists in source DPR under different code/token,0,0,,,,0,0,,,TA 512 - DPR - 2026-05-19.xlsx
TA 512,17/0,,A_TRUE_MISSING_IN_ERECTION_RAW,Location absent in raw erection DPR parsed data,Treat as true missing erection start unless location exists in source DPR under different code/token,0,0,,,,0,0,,,TA 512 - DPR - 2026-05-19.xlsx
TA 512,18/0,,A_TRUE_MISSING_IN_ERECTION_RAW,Location absent in raw erection DPR parsed data,Treat as true missing erection start unless location exists in source DPR under different code/token,0,0,,,,0,0,,,TA 512 - DPR - 2026-05-19.xlsx
TA 512,1A/3,,A_TRUE_MISSING_IN_ERECTION_RAW,Location absent in raw erection DPR parsed data,Treat as true missing erection start unless location exists in source DPR under different code/token,0,0,,,,0,0,,,TA 512 - DPR - 2026-05-19.xlsx
TA 512,2/0,,A_TRUE_MISSING_IN_ERECTION_RAW,Location absent in raw erection DPR parsed data,Treat as true missing erection start unless location exists in source DPR under different code/token,0,0,,,,0,0,,,TA 512 - DPR - 2026-05-19.xlsx
TA 512,2/1,,A_TRUE_MISSING_IN_ERECTION_RAW,Location absent in raw erection DPR parsed data,Treat as true missing erection start unless location exists in source DPR under different code/token,0,0,,,,0,0,,,TA 512 - DPR - 2026-05-19.xlsx
TA 512,20A/0,,A_TRUE_MISSING_IN_ERECTION_RAW,Location absent in raw erection DPR parsed data,Treat as true missing erection start unless location exists in source DPR under different code/token,0,0,,,,0,0,,,TA 512 - DPR - 2026-05-19.xlsx
TA 512,21/0,,A_TRUE_MISSING_IN_ERECTION_RAW,Location absent in raw erection DPR parsed data,Treat as true missing erection start unless location exists in source DPR under different code/token,0,0,,,,0,0,,,TA 512 - DPR - 2026-05-19.xlsx
TA 512,22/0,,A_TRUE_MISSING_IN_ERECTION_RAW,Location absent in raw erection DPR parsed data,Treat as true missing erection start unless location exists in source DPR under different code/token,0,0,,,,0,0,,,TA 512 - DPR - 2026-05-19.xlsx
TA 512,23/0,,A_TRUE_MISSING_IN_ERECTION_RAW,Location absent in raw erection DPR parsed data,Treat as true missing erection start unless location exists in source DPR under different code/token,0,0,,,,0,0,,,TA 512 - DPR - 2026-05-19.xlsx
TA 512,27/1,,A_TRUE_MISSING_IN_ERECTION_RAW,Location absent in raw erection DPR parsed data,Treat as true missing erection start unless location exists in source DPR under different code/token,0,0,,,,0,0,,,TA 512 - DPR - 2026-05-19.xlsx
TA 512,27/2,,A_TRUE_MISSING_IN_ERECTION_RAW,Location absent in raw erection DPR parsed data,Treat as true missing erection start unless location exists in source DPR under different code/token,0,0,,,,0,0,,,TA 512 - DPR - 2026-05-19.xlsx
TA 512,27/3,,A_TRUE_MISSING_IN_ERECTION_RAW,Location absent in raw erection DPR parsed data,Treat as true missing erection start unless location exists in source DPR under different code/token,0,0,,,,0,0,,,TA 512 - DPR - 2026-05-19.xlsx
TA 512,29/16,,A_TRUE_MISSING_IN_ERECTION_RAW,Location absent in raw erection DPR parsed data,Treat as true missing erection start unless location exists in source DPR under different code/token,0,0,,,,0,0,,,TA 512 - DPR - 2026-05-19.xlsx
TA 512,29/18,,A_TRUE_MISSING_IN_ERECTION_RAW,Location absent in raw erection DPR parsed data,Treat as true missing erection start unless location exists in source DPR under different code/token,0,0,,,,0,0,,,TA 512 - DPR - 2026-05-19.xlsx
TA 512,29/19,,A_TRUE_MISSING_IN_ERECTION_RAW,Location absent in raw erection DPR parsed data,Treat as true missing erection start unless location exists in source DPR under different code/token,0,0,,,,0,0,,,TA 512 - DPR - 2026-05-19.xlsx
TA 512,2A/0,,A_TRUE_MISSING_IN_ERECTION_RAW,Location absent in raw erection DPR parsed data,Treat as true missing erection start unless location exists in source DPR under different code/token,0,0,,,,0,0,,,TA 512 - DPR - 2026-05-19.xlsx
TA 512,2A/1,,A_TRUE_MISSING_IN_ERECTION_RAW,Location absent in raw erection DPR parsed data,Treat as true missing erection start unless location exists in source DPR under different code/token,0,0,,,,0,0,,,TA 512 - DPR - 2026-05-19.xlsx
TA 512,2A/2,,A_TRUE_MISSING_IN_ERECTION_RAW,Location absent in raw erection DPR parsed data,Treat as true missing erection start unless location exists in source DPR under different code/token,0,0,,,,0,0,,,TA 512 - DPR - 2026-05-19.xlsx
TA 512,2A/3,,A_TRUE_MISSING_IN_ERECTION_RAW,Location absent in raw erection DPR parsed data,Treat as true missing erection start unless location exists in source DPR under different code/token,0,0,,,,0,0,,,TA 512 - DPR - 2026-05-19.xlsx
TA 512,2A/5,,A_TRUE_MISSING_IN_ERECTION_RAW,Location absent in raw erection DPR parsed data,Treat as true missing erection start unless location exists in source DPR under different code/token,0,0,,,,0,0,,,TA 512 - DPR - 2026-05-19.xlsx
TA 512,3/0,,A_TRUE_MISSING_IN_ERECTION_RAW,Location absent in raw erection DPR parsed data,Treat as true missing erection start unless location exists in source DPR under different code/token,0,0,,,,0,0,,,TA 512 - DPR - 2026-05-19.xlsx
TA 512,3/1,,A_TRUE_MISSING_IN_ERECTION_RAW,Location absent in raw erection DPR parsed data,Treat as true missing erection start unless location exists in source DPR under different code/token,0,0,,,,0,0,,,TA 512 - DPR - 2026-05-19.xlsx
TA 512,3/2,,A_TRUE_MISSING_IN_ERECTION_RAW,Location absent in raw erection DPR parsed data,Treat as true missing erection start unless location exists in source DPR under different code/token,0,0,,,,0,0,,,TA 512 - DPR - 2026-05-19.xlsx
TA 512,30/0,,A_TRUE_MISSING_IN_ERECTION_RAW,Location absent in raw erection DPR parsed data,Treat as true missing erection start unless location exists in source DPR under different code/token,0,0,,,,0,0,,,TA 512 - DPR - 2026-05-19.xlsx
TA 512,30/1,,A_TRUE_MISSING_IN_ERECTION_RAW,Location absent in raw erection DPR parsed data,Treat as true missing erection start unless location exists in source DPR under different code/token,0,0,,,,0,0,,,TA 512 - DPR - 2026-05-19.xlsx
TA 512,30/16,,A_TRUE_MISSING_IN_ERECTION_RAW,Location absent in raw erection DPR parsed data,Treat as true missing erection start unless location exists in source DPR under different code/token,0,0,,,,0,0,,,TA 512 - DPR - 2026-05-19.xlsx
TA 512,31/0,,A_TRUE_MISSING_IN_ERECTION_RAW,Location absent in raw erection DPR parsed data,Treat as true missing erection start unless location exists in source DPR under different code/token,0,0,,,,0,0,,,TA 512 - DPR - 2026-05-19.xlsx
TA 512,31/11,,A_TRUE_MISSING_IN_ERECTION_RAW,Location absent in raw erection DPR parsed data,Treat as true missing erection start unless location exists in source DPR under different code/token,0,0,,,,0,0,,,TA 512 - DPR - 2026-05-19.xlsx
TA 512,31/21,,A_TRUE_MISSING_IN_ERECTION_RAW,Location absent in raw erection DPR parsed data,Treat as true missing erection start unless location exists in source DPR under different code/token,0,0,,,,0,0,,,TA 512 - DPR - 2026-05-19.xlsx
TA 512,31/22,,A_TRUE_MISSING_IN_ERECTION_RAW,Location absent in raw erection DPR parsed data,Treat as true missing erection start unless location exists in source DPR under different code/token,0,0,,,,0,0,,,TA 512 - DPR - 2026-05-19.xlsx
TA 512,31/24,,A_TRUE_MISSING_IN_ERECTION_RAW,Location absent in raw erection DPR parsed data,Treat as true missing erection start unless location exists in source DPR under different code/token,0,0,,,,0,0,,,TA 512 - DPR - 2026-05-19.xlsx
TA 512,32/0,,A_TRUE_MISSING_IN_ERECTION_RAW,Location absent in raw erection DPR parsed data,Treat as true missing erection start unless location exists in source DPR under different code/token,0,0,,,,0,0,,,TA 512 - DPR - 2026-05-19.xlsx
TA 512,32/1,,A_TRUE_MISSING_IN_ERECTION_RAW,Location absent in raw erection DPR parsed data,Treat as true missing erection start unless location exists in source DPR under different code/token,0,0,,,,0,0,,,TA 512 - DPR - 2026-05-19.xlsx
TA 512,32/3,,A_TRUE_MISSING_IN_ERECTION_RAW,Location absent in raw erection DPR parsed data,Treat as true missing erection start unless location exists in source DPR under different code/token,0,0,,,,0,0,,,TA 512 - DPR - 2026-05-19.xlsx
TA 512,32/4,,A_TRUE_MISSING_IN_ERECTION_RAW,Location absent in raw erection DPR parsed data,Treat as true missing erection start unless location exists in source DPR under different code/token,0,0,,,,0,0,,,TA 512 - DPR - 2026-05-19.xlsx
TA 512,32/6,,A_TRUE_MISSING_IN_ERECTION_RAW,Location absent in raw erection DPR parsed data,Treat as true missing erection start unless location exists in source DPR under different code/token,0,0,,,,0,0,,,TA 512 - DPR - 2026-05-19.xlsx
TA 512,32/7,,A_TRUE_MISSING_IN_ERECTION_RAW,Location absent in raw erection DPR parsed data,Treat as true missing erection start unless location exists in source DPR under different code/token,0,0,,,,0,0,,,TA 512 - DPR - 2026-05-19.xlsx
TA 512,32/8,,A_TRUE_MISSING_IN_ERECTION_RAW,Location absent in raw erection DPR parsed data,Treat as true missing erection start unless location exists in source DPR under different code/token,0,0,,,,0,0,,,TA 512 - DPR - 2026-05-19.xlsx
TA 512,32/9,,A_TRUE_MISSING_IN_ERECTION_RAW,Location absent in raw erection DPR parsed data,Treat as true missing erection start unless location exists in source DPR under different code/token,0,0,,,,0,0,,,TA 512 - DPR - 2026-05-19.xlsx
TA 512,33/0,,A_TRUE_MISSING_IN_ERECTION_RAW,Location absent in raw erection DPR parsed data,Treat as true missing erection start unless location exists in source DPR under different code/token,0,0,,,,0,0,,,TA 512 - DPR - 2026-05-19.xlsx
TA 512,33/1,,A_TRUE_MISSING_IN_ERECTION_RAW,Location absent in raw erection DPR parsed data,Treat as true missing erection start unless location exists in source DPR under different code/token,0,0,,,,0,0,,,TA 512 - DPR - 2026-05-19.xlsx
TA 512,33A/0,,A_TRUE_MISSING_IN_ERECTION_RAW,Location absent in raw erection DPR parsed data,Treat as true missing erection start unless location exists in source DPR under different code/token,0,0,,,,0,0,,,TA 512 - DPR - 2026-05-19.xlsx
TA 512,34/0,,A_TRUE_MISSING_IN_ERECTION_RAW,Location absent in raw erection DPR parsed data,Treat as true missing erection start unless location exists in source DPR under different code/token,0,0,,,,0,0,,,TA 512 - DPR - 2026-05-19.xlsx
TA 512,34/1,,A_TRUE_MISSING_IN_ERECTION_RAW,Location absent in raw erection DPR parsed data,Treat as true missing erection start unless location exists in source DPR under different code/token,0,0,,,,0,0,,,TA 512 - DPR - 2026-05-19.xlsx
TA 512,34/2,,A_TRUE_MISSING_IN_ERECTION_RAW,Location absent in raw erection DPR parsed data,Treat as true missing erection start unless location exists in source DPR under different code/token,0,0,,,,0,0,,,TA 512 - DPR - 2026-05-19.xlsx
TA 512,36/0,,A_TRUE_MISSING_IN_ERECTION_RAW,Location absent in raw erection DPR parsed data,Treat as true missing erection start unless location exists in source DPR under different code/token,0,0,,,,0,0,,,TA 512 - DPR - 2026-05-19.xlsx
TA 512,36/1,,A_TRUE_MISSING_IN_ERECTION_RAW,Location absent in raw erection DPR parsed data,Treat as true missing erection start unless location exists in source DPR under different code/token,0,0,,,,0,0,,,TA 512 - DPR - 2026-05-19.xlsx
TA 512,36/2,,A_TRUE_MISSING_IN_ERECTION_RAW,Location absent in raw erection DPR parsed data,Treat as true missing erection start unless location exists in source DPR under different code/token,0,0,,,,0,0,,,TA 512 - DPR - 2026-05-19.xlsx
TA 512,36/4,,A_TRUE_MISSING_IN_ERECTION_RAW,Location absent in raw erection DPR parsed data,Treat as true missing erection start unless location exists in source DPR under different code/token,0,0,,,,0,0,,,TA 512 - DPR - 2026-05-19.xlsx
TA 512,36/5,,A_TRUE_MISSING_IN_ERECTION_RAW,Location absent in raw erection DPR parsed data,Treat as true missing erection start unless location exists in source DPR under different code/token,0,0,,,,0,0,,,TA 512 - DPR - 2026-05-19.xlsx
TA 512,36/9,,A_TRUE_MISSING_IN_ERECTION_RAW,Location absent in raw erection DPR parsed data,Treat as true missing erection start unless location exists in source DPR under different code/token,0,0,,,,0,0,,,TA 512 - DPR - 2026-05-19.xlsx
TA 512,37/1,,A_TRUE_MISSING_IN_ERECTION_RAW,Location absent in raw erection DPR parsed data,Treat as true missing erection start unless location exists in source DPR under different code/token,0,0,,,,0,0,,,TA 512 - DPR - 2026-05-19.xlsx
TA 512,37/6,,A_TRUE_MISSING_IN_ERECTION_RAW,Location absent in raw erection DPR parsed data,Treat as true missing erection start unless location exists in source DPR under different code/token,0,0,,,,0,0,,,TA 512 - DPR - 2026-05-19.xlsx
TA 512,38/1,,A_TRUE_MISSING_IN_ERECTION_RAW,Location absent in raw erection DPR parsed data,Treat as true missing erection start unless location exists in source DPR under different code/token,0,0,,,,0,0,,,TA 512 - DPR - 2026-05-19.xlsx
TA 512,38/2,,A_TRUE_MISSING_IN_ERECTION_RAW,Location absent in raw erection DPR parsed data,Treat as true missing erection start unless location exists in source DPR under different code/token,0,0,,,,0,0,,,TA 512 - DPR - 2026-05-19.xlsx
TA 512,39/0,,A_TRUE_MISSING_IN_ERECTION_RAW,Location absent in raw erection DPR parsed data,Treat as true missing erection start unless location exists in source DPR under different code/token,0,0,,,,0,0,,,TA 512 - DPR - 2026-05-19.xlsx
TA 512,4/1,,A_TRUE_MISSING_IN_ERECTION_RAW,Location absent in raw erection DPR parsed data,Treat as true missing erection start unless location exists in source DPR under different code/token,0,0,,,,0,0,,,TA 512 - DPR - 2026-05-19.xlsx
TA 512,4/2,,A_TRUE_MISSING_IN_ERECTION_RAW,Location absent in raw erection DPR parsed data,Treat as true missing erection start unless location exists in source DPR under different code/token,0,0,,,,0,0,,,TA 512 - DPR - 2026-05-19.xlsx
TA 512,4/3,,A_TRUE_MISSING_IN_ERECTION_RAW,Location absent in raw erection DPR parsed data,Treat as true missing erection start unless location exists in source DPR under different code/token,0,0,,,,0,0,,,TA 512 - DPR - 2026-05-19.xlsx
TA 512,4/5,,A_TRUE_MISSING_IN_ERECTION_RAW,Location absent in raw erection DPR parsed data,Treat as true missing erection start unless location exists in source DPR under different code/token,0,0,,,,0,0,,,TA 512 - DPR - 2026-05-19.xlsx
TA 512,40/0,,A_TRUE_MISSING_IN_ERECTION_RAW,Location absent in raw erection DPR parsed data,Treat as true missing erection start unless location exists in source DPR under different code/token,0,0,,,,0,0,,,TA 512 - DPR - 2026-05-19.xlsx
TA 512,40/1,,A_TRUE_MISSING_IN_ERECTION_RAW,Location absent in raw erection DPR parsed data,Treat as true missing erection start unless location exists in source DPR under different code/token,0,0,,,,0,0,,,TA 512 - DPR - 2026-05-19.xlsx
TA 512,40/2,,A_TRUE_MISSING_IN_ERECTION_RAW,Location absent in raw erection DPR parsed data,Treat as true missing erection start unless location exists in source DPR under different code/token,0,0,,,,0,0,,,TA 512 - DPR - 2026-05-19.xlsx
TA 512,40/4,,A_TRUE_MISSING_IN_ERECTION_RAW,Location absent in raw erection DPR parsed data,Treat as true missing erection start unless location exists in source DPR under different code/token,0,0,,,,0,0,,,TA 512 - DPR - 2026-05-19.xlsx
TA 512,42/0,,A_TRUE_MISSING_IN_ERECTION_RAW,Location absent in raw erection DPR parsed data,Treat as true missing erection start unless location exists in source DPR under different code/token,0,0,,,,0,0,,,TA 512 - DPR - 2026-05-19.xlsx
TA 512,43/0,,A_TRUE_MISSING_IN_ERECTION_RAW,Location absent in raw erection DPR parsed data,Treat as true missing erection start unless location exists in source DPR under different code/token,0,0,,,,0,0,,,TA 512 - DPR - 2026-05-19.xlsx
TA 512,44/0,,A_TRUE_MISSING_IN_ERECTION_RAW,Location absent in raw erection DPR parsed data,Treat as true missing erection start unless location exists in source DPR under different code/token,0,0,,,,0,0,,,TA 512 - DPR - 2026-05-19.xlsx
TA 512,44/1,,A_TRUE_MISSING_IN_ERECTION_RAW,Location absent in raw erection DPR parsed data,Treat as true missing erection start unless location exists in source DPR under different code/token,0,0,,,,0,0,,,TA 512 - DPR - 2026-05-19.xlsx
TA 512,45/0,,A_TRUE_MISSING_IN_ERECTION_RAW,Location absent in raw erection DPR parsed data,Treat as true missing erection start unless location exists in source DPR under different code/token,0,0,,,,0,0,,,TA 512 - DPR - 2026-05-19.xlsx
TA 512,46/0,,A_TRUE_MISSING_IN_ERECTION_RAW,Location absent in raw erection DPR parsed data,Treat as true missing erection start unless location exists in source DPR under different code/token,0,0,,,,0,0,,,TA 512 - DPR - 2026-05-19.xlsx
TA 512,47/0,,A_TRUE_MISSING_IN_ERECTION_RAW,Location absent in raw erection DPR parsed data,Treat as true missing erection start unless location exists in source DPR under different code/token,0,0,,,,0,0,,,TA 512 - DPR - 2026-05-19.xlsx
TA 512,5/8,,A_TRUE_MISSING_IN_ERECTION_RAW,Location absent in raw erection DPR parsed data,Treat as true missing erection start unless location exists in source DPR under different code/token,0,0,,,,0,0,,,TA 512 - DPR - 2026-05-19.xlsx
TA 512,7/2,,A_TRUE_MISSING_IN_ERECTION_RAW,Location absent in raw erection DPR parsed data,Treat as true missing erection start unless location exists in source DPR under different code/token,0,0,,,,0,0,,,TA 512 - DPR - 2026-05-19.xlsx
TA 513,14/2,,A_TRUE_MISSING_IN_ERECTION_RAW,Location absent in raw erection DPR parsed data,Treat as true missing erection start unless location exists in source DPR under different code/token,0,0,,,,0,0,,,TA 513 - DPR - 2026-05-19.xlsx
TA 513,14/3,,A_TRUE_MISSING_IN_ERECTION_RAW,Location absent in raw erection DPR parsed data,Treat as true missing erection start unless location exists in source DPR under different code/token,0,0,,,,0,0,,,TA 513 - DPR - 2026-05-19.xlsx
TA 513,14/4,,A_TRUE_MISSING_IN_ERECTION_RAW,Location absent in raw erection DPR parsed data,Treat as true missing erection start unless location exists in source DPR under different code/token,0,0,,,,0,0,,,TA 513 - DPR - 2026-05-19.xlsx
TA 513,15B/4,,A_TRUE_MISSING_IN_ERECTION_RAW,Location absent in raw erection DPR parsed data,Treat as true missing erection start unless location exists in source DPR under different code/token,0,0,,,,0,0,,,TA 513 - DPR - 2026-05-19.xlsx
TA 513,18/0,,A_TRUE_MISSING_IN_ERECTION_RAW,Location absent in raw erection DPR parsed data,Treat as true missing erection start unless location exists in source DPR under different code/token,0,0,,,,0,0,,,TA 513 - DPR - 2026-05-19.xlsx
TA 513,18/4,,A_TRUE_MISSING_IN_ERECTION_RAW,Location absent in raw erection DPR parsed data,Treat as true missing erection start unless location exists in source DPR under different code/token,0,0,,,,0,0,,,TA 513 - DPR - 2026-05-19.xlsx
TA 513,19/0,,A_TRUE_MISSING_IN_ERECTION_RAW,Location absent in raw erection DPR parsed data,Treat as true missing erection start unless location exists in source DPR under different code/token,0,0,,,,0,0,,,TA 513 - DPR - 2026-05-19.xlsx
TA 513,21/6,,A_TRUE_MISSING_IN_ERECTION_RAW,Location absent in raw erection DPR parsed data,Treat as true missing erection start unless location exists in source DPR under different code/token,0,0,,,,0,0,,,TA 513 - DPR - 2026-05-19.xlsx
TA 513,21/7,,A_TRUE_MISSING_IN_ERECTION_RAW,Location absent in raw erection DPR parsed data,Treat as true missing erection start unless location exists in source DPR under different code/token,0,0,,,,0,0,,,TA 513 - DPR - 2026-05-19.xlsx
TA 513,23/1,,A_TRUE_MISSING_IN_ERECTION_RAW,Location absent in raw erection DPR parsed data,Treat as true missing erection start unless location exists in source DPR under different code/token,0,0,,,,0,0,,,TA 513 - DPR - 2026-05-19.xlsx
TA 513,23/2,,A_TRUE_MISSING_IN_ERECTION_RAW,Location absent in raw erection DPR parsed data,Treat as true missing erection start unless location exists in source DPR under different code/token,0,0,,,,0,0,,,TA 513 - DPR - 2026-05-19.xlsx
TA 513,23/3,,A_TRUE_MISSING_IN_ERECTION_RAW,Location absent in raw erection DPR parsed data,Treat as true missing erection start unless location exists in source DPR under different code/token,0,0,,,,0,0,,,TA 513 - DPR - 2026-05-19.xlsx
TA 513,23/3,,A_TRUE_MISSING_IN_ERECTION_RAW,Location absent in raw erection DPR parsed data,Treat as true missing erection start unless location exists in source DPR under different code/token,0,0,,,,0,0,,,TA 513 - DPR - 2026-05-19.xlsx
TA 513,23/4,,A_TRUE_MISSING_IN_ERECTION_RAW,Location absent in raw erection DPR parsed data,Treat as true missing erection start unless location exists in source DPR under different code/token,0,0,,,,0,0,,,TA 513 - DPR - 2026-05-19.xlsx
TA 513,23/5,,A_TRUE_MISSING_IN_ERECTION_RAW,Location absent in raw erection DPR parsed data,Treat as true missing erection start unless location exists in source DPR under different code/token,0,0,,,,0,0,,,TA 513 - DPR - 2026-05-19.xlsx
TA 513,23/6,,A_TRUE_MISSING_IN_ERECTION_RAW,Location absent in raw erection DPR parsed data,Treat as true missing erection start unless location exists in source DPR under different code/token,0,0,,,,0,0,,,TA 513 - DPR - 2026-05-19.xlsx
TA 513,24/0,,A_TRUE_MISSING_IN_ERECTION_RAW,Location absent in raw erection DPR parsed data,Treat as true missing erection start unless location exists in source DPR under different code/token,0,0,,,,0,0,,,TA 513 - DPR - 2026-05-19.xlsx
TA 513,24/1,,A_TRUE_MISSING_IN_ERECTION_RAW,Location absent in raw erection DPR parsed data,Treat as true missing erection start unless location exists in source DPR under different code/token,0,0,,,,0,0,,,TA 513 - DPR - 2026-05-19.xlsx
TA 513,24/2,,A_TRUE_MISSING_IN_ERECTION_RAW,Location absent in raw erection DPR parsed data,Treat as true missing erection start unless location exists in source DPR under different code/token,0,0,,,,0,0,,,TA 513 - DPR - 2026-05-19.xlsx
TA 513,24/3,,A_TRUE_MISSING_IN_ERECTION_RAW,Location absent in raw erection DPR parsed data,Treat as true missing erection start unless location exists in source DPR under different code/token,0,0,,,,0,0,,,TA 513 - DPR - 2026-05-19.xlsx
TA 513,26/1,,A_TRUE_MISSING_IN_ERECTION_RAW,Location absent in raw erection DPR parsed data,Treat as true missing erection start unless location exists in source DPR under different code/token,0,0,,,,0,0,,,TA 513 - DPR - 2026-05-19.xlsx
TA 513,28/0,,A_TRUE_MISSING_IN_ERECTION_RAW,Location absent in raw erection DPR parsed data,Treat as true missing erection start unless location exists in source DPR under different code/token,0,0,,,,0,0,,,TA 513 - DPR - 2026-05-19.xlsx
TA 513,28/1,,A_TRUE_MISSING_IN_ERECTION_RAW,Location absent in raw erection DPR parsed data,Treat as true missing erection start unless location exists in source DPR under different code/token,0,0,,,,0,0,,,TA 513 - DPR - 2026-05-19.xlsx
TA 513,3/10,,A_TRUE_MISSING_IN_ERECTION_RAW,Location absent in raw erection DPR parsed data,Treat as true missing erection start unless location exists in source DPR under different code/token,0,0,,,,0,0,,,TA 513 - DPR - 2026-05-19.xlsx
TA 513,3/5,,A_TRUE_MISSING_IN_ERECTION_RAW,Location absent in raw erection DPR parsed data,Treat as true missing erection start unless location exists in source DPR under different code/token,0,0,,,,0,0,,,TA 513 - DPR - 2026-05-19.xlsx
TA 513,3/6,,A_TRUE_MISSING_IN_ERECTION_RAW,Location absent in raw erection DPR parsed data,Treat as true missing erection start unless location exists in source DPR under different code/token,0,0,,,,0,0,,,TA 513 - DPR - 2026-05-19.xlsx
TA 513,30/1,,A_TRUE_MISSING_IN_ERECTION_RAW,Location absent in raw erection DPR parsed data,Treat as true missing erection start unless location exists in source DPR under different code/token,0,0,,,,0,0,,,TA 513 - DPR - 2026-05-19.xlsx
TA 513,30/2,,A_TRUE_MISSING_IN_ERECTION_RAW,Location absent in raw erection DPR parsed data,Treat as true missing erection start unless location exists in source DPR under different code/token,0,0,,,,0,0,,,TA 513 - DPR - 2026-05-19.xlsx
TA 513,30/2,,A_TRUE_MISSING_IN_ERECTION_RAW,Location absent in raw erection DPR parsed data,Treat as true missing erection start unless location exists in source DPR under different code/token,0,0,,,,0,0,,,TA 513 - DPR - 2026-05-19.xlsx
TA 513,30/3,,A_TRUE_MISSING_IN_ERECTION_RAW,Location absent in raw erection DPR parsed data,Treat as true missing erection start unless location exists in source DPR under different code/token,0,0,,,,0,0,,,TA 513 - DPR - 2026-05-19.xlsx
TA 513,31/1,,A_TRUE_MISSING_IN_ERECTION_RAW,Location absent in raw erection DPR parsed data,Treat as true missing erection start unless location exists in source DPR under different code/token,0,0,,,,0,0,,,TA 513 - DPR - 2026-05-19.xlsx
TA 513,31/2,,A_TRUE_MISSING_IN_ERECTION_RAW,Location absent in raw erection DPR parsed data,Treat as true missing erection start unless location exists in source DPR under different code/token,0,0,,,,0,0,,,TA 513 - DPR - 2026-05-19.xlsx
TA 513,32B/1,,A_TRUE_MISSING_IN_ERECTION_RAW,Location absent in raw erection DPR parsed data,Treat as true missing erection start unless location exists in source DPR under different code/token,0,0,,,,0,0,,,TA 513 - DPR - 2026-05-19.xlsx
TA 513,36/3,,A_TRUE_MISSING_IN_ERECTION_RAW,Location absent in raw erection DPR parsed data,Treat as true missing erection start unless location exists in source DPR under different code/token,0,0,,,,0,0,,,TA 513 - DPR - 2026-05-19.xlsx
TA 513,36/4,,A_TRUE_MISSING_IN_ERECTION_RAW,Location absent in raw erection DPR parsed data,Treat as true missing erection start unless location exists in source DPR under different code/token,0,0,,,,0,0,,,TA 513 - DPR - 2026-05-19.xlsx
TA 513,37/1,,A_TRUE_MISSING_IN_ERECTION_RAW,Location absent in raw erection DPR parsed data,Treat as true missing erection start unless location exists in source DPR under different code/token,0,0,,,,0,0,,,TA 513 - DPR - 2026-05-19.xlsx
TA 513,51/5,,A_TRUE_MISSING_IN_ERECTION_RAW,Location absent in raw erection DPR parsed data,Treat as true missing erection start unless location exists in source DPR under different code/token,0,0,,,,0,0,,,TA 513 - DPR - 2026-05-19.xlsx
TA 513,52/0,,A_TRUE_MISSING_IN_ERECTION_RAW,Location absent in raw erection DPR parsed data,Treat as true missing erection start unless location exists in source DPR under different code/token,0,0,,,,0,0,,,TA 513 - DPR - 2026-05-19.xlsx
TA 513,52/1,,A_TRUE_MISSING_IN_ERECTION_RAW,Location absent in raw erection DPR parsed data,Treat as true missing erection start unless location exists in source DPR under different code/token,0,0,,,,0,0,,,TA 513 - DPR - 2026-05-19.xlsx
TA 513,52/2,,A_TRUE_MISSING_IN_ERECTION_RAW,Location absent in raw erection DPR parsed data,Treat as true missing erection start unless location exists in source DPR under different code/token,0,0,,,,0,0,,,TA 513 - DPR - 2026-05-19.xlsx
TA 513,52/3,,A_TRUE_MISSING_IN_ERECTION_RAW,Location absent in raw erection DPR parsed data,Treat as true missing erection start unless location exists in source DPR under different code/token,0,0,,,,0,0,,,TA 513 - DPR - 2026-05-19.xlsx
TA 513,52/5,,A_TRUE_MISSING_IN_ERECTION_RAW,Location absent in raw erection DPR parsed data,Treat as true missing erection start unless location exists in source DPR under different code/token,0,0,,,,0,0,,,TA 513 - DPR - 2026-05-19.xlsx
TA 513,55/0,,A_TRUE_MISSING_IN_ERECTION_RAW,Location absent in raw erection DPR parsed data,Treat as true missing erection start unless location exists in source DPR under different code/token,0,0,,,,0,0,,,TA 513 - DPR - 2026-05-19.xlsx
TA 513,55/2,,A_TRUE_MISSING_IN_ERECTION_RAW,Location absent in raw erection DPR parsed data,Treat as true missing erection start unless location exists in source DPR under different code/token,0,0,,,,0,0,,,TA 513 - DPR - 2026-05-19.xlsx
TA 513,55/3,,A_TRUE_MISSING_IN_ERECTION_RAW,Location absent in raw erection DPR parsed data,Treat as true missing erection start unless location exists in source DPR under different code/token,0,0,,,,0,0,,,TA 513 - DPR - 2026-05-19.xlsx
TA 513,55/4,,A_TRUE_MISSING_IN_ERECTION_RAW,Location absent in raw erection DPR parsed data,Treat as true missing erection start unless location exists in source DPR under different code/token,0,0,,,,0,0,,,TA 513 - DPR - 2026-05-19.xlsx
TA 513,55/7,,A_TRUE_MISSING_IN_ERECTION_RAW,Location absent in raw erection DPR parsed data,Treat as true missing erection start unless location exists in source DPR under different code/token,0,0,,,,0,0,,,TA 513 - DPR - 2026-05-19.xlsx
TA 513,56/3,,A_TRUE_MISSING_IN_ERECTION_RAW,Location absent in raw erection DPR parsed data,Treat as true missing erection start unless location exists in source DPR under different code/token,0,0,,,,0,0,,,TA 513 - DPR - 2026-05-19.xlsx
TA 513,56/4,,A_TRUE_MISSING_IN_ERECTION_RAW,Location absent in raw erection DPR parsed data,Treat as true missing erection start unless location exists in source DPR under different code/token,0,0,,,,0,0,,,TA 513 - DPR - 2026-05-19.xlsx
TA 513,64/2,,A_TRUE_MISSING_IN_ERECTION_RAW,Location absent in raw erection DPR parsed data,Treat as true missing erection start unless location exists in source DPR under different code/token,0,0,,,,0,0,,,TA 513 - DPR - 2026-05-19.xlsx
TA 513,64/3,,A_TRUE_MISSING_IN_ERECTION_RAW,Location absent in raw erection DPR parsed data,Treat as true missing erection start unless location exists in source DPR under different code/token,0,0,,,,0,0,,,TA 513 - DPR - 2026-05-19.xlsx
TA 513,64/5,,A_TRUE_MISSING_IN_ERECTION_RAW,Location absent in raw erection DPR parsed data,Treat as true missing erection start unless location exists in source DPR under different code/token,0,0,,,,0,0,,,TA 513 - DPR - 2026-05-19.xlsx
TA 601,100/3,,A_TRUE_MISSING_IN_ERECTION_RAW,Location absent in raw erection DPR parsed data,Treat as true missing erection start unless location exists in source DPR under different code/token,0,0,,,,0,0,,,TA 601 - DPR - 2026-05-19.xlsx
TA 601,48/3,,A_TRUE_MISSING_IN_ERECTION_RAW,Location absent in raw erection DPR parsed data,Treat as true missing erection start unless location exists in source DPR under different code/token,0,0,,,,0,0,,,TA 601 - DPR - 2026-05-19.xlsx
TA 601,48/7,,A_TRUE_MISSING_IN_ERECTION_RAW,Location absent in raw erection DPR parsed data,Treat as true missing erection start unless location exists in source DPR under different code/token,0,0,,,,0,0,,,TA 601 - DPR - 2026-05-19.xlsx
TA 601,49/10,,A_TRUE_MISSING_IN_ERECTION_RAW,Location absent in raw erection DPR parsed data,Treat as true missing erection start unless location exists in source DPR under different code/token,0,0,,,,0,0,,,TA 601 - DPR - 2026-05-19.xlsx
TA 601,49/11,,A_TRUE_MISSING_IN_ERECTION_RAW,Location absent in raw erection DPR parsed data,Treat as true missing erection start unless location exists in source DPR under different code/token,0,0,,,,0,0,,,TA 601 - DPR - 2026-05-19.xlsx
TA 601,49/8,,A_TRUE_MISSING_IN_ERECTION_RAW,Location absent in raw erection DPR parsed data,Treat as true missing erection start unless location exists in source DPR under different code/token,0,0,,,,0,0,,,TA 601 - DPR - 2026-05-19.xlsx
TA 601,49/9,,A_TRUE_MISSING_IN_ERECTION_RAW,Location absent in raw erection DPR parsed data,Treat as true missing erection start unless location exists in source DPR under different code/token,0,0,,,,0,0,,,TA 601 - DPR - 2026-05-19.xlsx
TA 601,50/0,,A_TRUE_MISSING_IN_ERECTION_RAW,Location absent in raw erection DPR parsed data,Treat as true missing erection start unless location exists in source DPR under different code/token,0,0,,,,0,0,,,TA 601 - DPR - 2026-05-19.xlsx
TA 601,50/1,,A_TRUE_MISSING_IN_ERECTION_RAW,Location absent in raw erection DPR parsed data,Treat as true missing erection start unless location exists in source DPR under different code/token,0,0,,,,0,0,,,TA 601 - DPR - 2026-05-19.xlsx
TA 601,50/2,,A_TRUE_MISSING_IN_ERECTION_RAW,Location absent in raw erection DPR parsed data,Treat as true missing erection start unless location exists in source DPR under different code/token,0,0,,,,0,0,,,TA 601 - DPR - 2026-05-19.xlsx
TA 601,50/3,,A_TRUE_MISSING_IN_ERECTION_RAW,Location absent in raw erection DPR parsed data,Treat as true missing erection start unless location exists in source DPR under different code/token,0,0,,,,0,0,,,TA 601 - DPR - 2026-05-19.xlsx
TA 601,51/10,,A_TRUE_MISSING_IN_ERECTION_RAW,Location absent in raw erection DPR parsed data,Treat as true missing erection start unless location exists in source DPR under different code/token,0,0,,,,0,0,,,TA 601 - DPR - 2026-05-19.xlsx
TA 601,51/2,,A_TRUE_MISSING_IN_ERECTION_RAW,Location absent in raw erection DPR parsed data,Treat as true missing erection start unless location exists in source DPR under different code/token,0,0,,,,0,0,,,TA 601 - DPR - 2026-05-19.xlsx
TA 601,51/6,,A_TRUE_MISSING_IN_ERECTION_RAW,Location absent in raw erection DPR parsed data,Treat as true missing erection start unless location exists in source DPR under different code/token,0,0,,,,0,0,,,TA 601 - DPR - 2026-05-19.xlsx
TA 601,51/7,,A_TRUE_MISSING_IN_ERECTION_RAW,Location absent in raw erection DPR parsed data,Treat as true missing erection start unless location exists in source DPR under different code/token,0,0,,,,0,0,,,TA 601 - DPR - 2026-05-19.xlsx
TA 601,51/8,,A_TRUE_MISSING_IN_ERECTION_RAW,Location absent in raw erection DPR parsed data,Treat as true missing erection start unless location exists in source DPR under different code/token,0,0,,,,0,0,,,TA 601 - DPR - 2026-05-19.xlsx
TA 601,52/1,,A_TRUE_MISSING_IN_ERECTION_RAW,Location absent in raw erection DPR parsed data,Treat as true missing erection start unless location exists in source DPR under different code/token,0,0,,,,0,0,,,TA 601 - DPR - 2026-05-19.xlsx
TA 601,53/0,,A_TRUE_MISSING_IN_ERECTION_RAW,Location absent in raw erection DPR parsed data,Treat as true missing erection start unless location exists in source DPR under different code/token,0,0,,,,0,0,,,TA 601 - DPR - 2026-05-19.xlsx
TA 601,53/3,,A_TRUE_MISSING_IN_ERECTION_RAW,Location absent in raw erection DPR parsed data,Treat as true missing erection start unless location exists in source DPR under different code/token,0,0,,,,0,0,,,TA 601 - DPR - 2026-05-19.xlsx
TA 601,56/1,,A_TRUE_MISSING_IN_ERECTION_RAW,Location absent in raw erection DPR parsed data,Treat as true missing erection start unless location exists in source DPR under different code/token,0,0,,,,0,0,,,TA 601 - DPR - 2026-05-19.xlsx
TA 601,59/0,,A_TRUE_MISSING_IN_ERECTION_RAW,Location absent in raw erection DPR parsed data,Treat as true missing erection start unless location exists in source DPR under different code/token,0,0,,,,0,0,,,TA 601 - DPR - 2026-05-19.xlsx
TA 601,59/1,,A_TRUE_MISSING_IN_ERECTION_RAW,Location absent in raw erection DPR parsed data,Treat as true missing erection start unless location exists in source DPR under different code/token,0,0,,,,0,0,,,TA 601 - DPR - 2026-05-19.xlsx
TA 601,60/3,,A_TRUE_MISSING_IN_ERECTION_RAW,Location absent in raw erection DPR parsed data,Treat as true missing erection start unless location exists in source DPR under different code/token,0,0,,,,0,0,,,TA 601 - DPR - 2026-05-19.xlsx
TA 601,60/8,,A_TRUE_MISSING_IN_ERECTION_RAW,Location absent in raw erection DPR parsed data,Treat as true missing erection start unless location exists in source DPR under different code/token,0,0,,,,0,0,,,TA 601 - DPR - 2026-05-19.xlsx
TA 601,65/3,,A_TRUE_MISSING_IN_ERECTION_RAW,Location absent in raw erection DPR parsed data,Treat as true missing erection start unless location exists in source DPR under different code/token,0,0,,,,0,0,,,TA 601 - DPR - 2026-05-19.xlsx
TA 601,66/0,,A_TRUE_MISSING_IN_ERECTION_RAW,Location absent in raw erection DPR parsed data,Treat as true missing erection start unless location exists in source DPR under different code/token,0,0,,,,0,0,,,TA 601 - DPR - 2026-05-19.xlsx
TA 601,66/1,,A_TRUE_MISSING_IN_ERECTION_RAW,Location absent in raw erection DPR parsed data,Treat as true missing erection start unless location exists in source DPR under different code/token,0,0,,,,0,0,,,TA 601 - DPR - 2026-05-19.xlsx
TA 601,67/0,,A_TRUE_MISSING_IN_ERECTION_RAW,Location absent in raw erection DPR parsed data,Treat as true missing erection start unless location exists in source DPR under different code/token,0,0,,,,0,0,,,TA 601 - DPR - 2026-05-19.xlsx
TA 601,67/1,,A_TRUE_MISSING_IN_ERECTION_RAW,Location absent in raw erection DPR parsed data,Treat as true missing erection start unless location exists in source DPR under different code/token,0,0,,,,0,0,,,TA 601 - DPR - 2026-05-19.xlsx
TA 601,69/0,,A_TRUE_MISSING_IN_ERECTION_RAW,Location absent in raw erection DPR parsed data,Treat as true missing erection start unless location exists in source DPR under different code/token,0,0,,,,0,0,,,TA 601 - DPR - 2026-05-19.xlsx
TA 601,69/2,,A_TRUE_MISSING_IN_ERECTION_RAW,Location absent in raw erection DPR parsed data,Treat as true missing erection start unless location exists in source DPR under different code/token,0,0,,,,0,0,,,TA 601 - DPR - 2026-05-19.xlsx
TA 601,70/1,,A_TRUE_MISSING_IN_ERECTION_RAW,Location absent in raw erection DPR parsed data,Treat as true missing erection start unless location exists in source DPR under different code/token,0,0,,,,0,0,,,TA 601 - DPR - 2026-05-19.xlsx
TA 601,70/2,,A_TRUE_MISSING_IN_ERECTION_RAW,Location absent in raw erection DPR parsed data,Treat as true missing erection start unless location exists in source DPR under different code/token,0,0,,,,0,0,,,TA 601 - DPR - 2026-05-19.xlsx
TA 601,70/3,,A_TRUE_MISSING_IN_ERECTION_RAW,Location absent in raw erection DPR parsed data,Treat as true missing erection start unless location exists in source DPR under different code/token,0,0,,,,0,0,,,TA 601 - DPR - 2026-05-19.xlsx
TA 601,70/4,,A_TRUE_MISSING_IN_ERECTION_RAW,Location absent in raw erection DPR parsed data,Treat as true missing erection start unless location exists in source DPR under different code/token,0,0,,,,0,0,,,TA 601 - DPR - 2026-05-19.xlsx
TA 601,73/1,,A_TRUE_MISSING_IN_ERECTION_RAW,Location absent in raw erection DPR parsed data,Treat as true missing erection start unless location exists in source DPR under different code/token,0,0,,,,0,0,,,TA 601 - DPR - 2026-05-19.xlsx
TA 601,73/2,,A_TRUE_MISSING_IN_ERECTION_RAW,Location absent in raw erection DPR parsed data,Treat as true missing erection start unless location exists in source DPR under different code/token,0,0,,,,0,0,,,TA 601 - DPR - 2026-05-19.xlsx
TA 601,77/6,,A_TRUE_MISSING_IN_ERECTION_RAW,Location absent in raw erection DPR parsed data,Treat as true missing erection start unless location exists in source DPR under different code/token,0,0,,,,0,0,,,TA 601 - DPR - 2026-05-19.xlsx
TA 601,77/8,,A_TRUE_MISSING_IN_ERECTION_RAW,Location absent in raw erection DPR parsed data,Treat as true missing erection start unless location exists in source DPR under different code/token,0,0,,,,0,0,,,TA 601 - DPR - 2026-05-19.xlsx
TA 601,78/3,,A_TRUE_MISSING_IN_ERECTION_RAW,Location absent in raw erection DPR parsed data,Treat as true missing erection start unless location exists in source DPR under different code/token,0,0,,,,0,0,,,TA 601 - DPR - 2026-05-19.xlsx
TA 601,79/1,,A_TRUE_MISSING_IN_ERECTION_RAW,Location absent in raw erection DPR parsed data,Treat as true missing erection start unless location exists in source DPR under different code/token,0,0,,,,0,0,,,TA 601 - DPR - 2026-05-19.xlsx
TA 601,80/4,,A_TRUE_MISSING_IN_ERECTION_RAW,Location absent in raw erection DPR parsed data,Treat as true missing erection start unless location exists in source DPR under different code/token,0,0,,,,0,0,,,TA 601 - DPR - 2026-05-19.xlsx
TA 601,81/2,,A_TRUE_MISSING_IN_ERECTION_RAW,Location absent in raw erection DPR parsed data,Treat as true missing erection start unless location exists in source DPR under different code/token,0,0,,,,0,0,,,TA 601 - DPR - 2026-05-19.xlsx
TA 601,83/0,,A_TRUE_MISSING_IN_ERECTION_RAW,Location absent in raw erection DPR parsed data,Treat as true missing erection start unless location exists in source DPR under different code/token,0,0,,,,0,0,,,TA 601 - DPR - 2026-05-19.xlsx
TA 601,84/6,,A_TRUE_MISSING_IN_ERECTION_RAW,Location absent in raw erection DPR parsed data,Treat as true missing erection start unless location exists in source DPR under different code/token,0,0,,,,0,0,,,TA 601 - DPR - 2026-05-19.xlsx
TA 601,89/1,,A_TRUE_MISSING_IN_ERECTION_RAW,Location absent in raw erection DPR parsed data,Treat as true missing erection start unless location exists in source DPR under different code/token,0,0,,,,0,0,,,TA 601 - DPR - 2026-05-19.xlsx
TA 601,90/0,,A_TRUE_MISSING_IN_ERECTION_RAW,Location absent in raw erection DPR parsed data,Treat as true missing erection start unless location exists in source DPR under different code/token,0,0,,,,0,0,,,TA 601 - DPR - 2026-05-19.xlsx
TA 601,94/1,,A_TRUE_MISSING_IN_ERECTION_RAW,Location absent in raw erection DPR parsed data,Treat as true missing erection start unless location exists in source DPR under different code/token,0,0,,,,0,0,,,TA 601 - DPR - 2026-05-19.xlsx
TA 601,99/12,,A_TRUE_MISSING_IN_ERECTION_RAW,Location absent in raw erection DPR parsed data,Treat as true missing erection start unless location exists in source DPR under different code/token,0,0,,,,0,0,,,TA 601 - DPR - 2026-05-19.xlsx
TA 602,102/11,,A_TRUE_MISSING_IN_ERECTION_RAW,Location absent in raw erection DPR parsed data,Treat as true missing erection start unless location exists in source DPR under different code/token,0,0,,,,0,0,,,TA 602 - DPR - 2026-05-18.xlsx
TA 602,102/8,,A_TRUE_MISSING_IN_ERECTION_RAW,Location absent in raw erection DPR parsed data,Treat as true missing erection start unless location exists in source DPR under different code/token,0,0,,,,0,0,,,TA 602 - DPR - 2026-05-18.xlsx
TA 602,102/9,,A_TRUE_MISSING_IN_ERECTION_RAW,Location absent in raw erection DPR parsed data,Treat as true missing erection start unless location exists in source DPR under different code/token,0,0,,,,0,0,,,TA 602 - DPR - 2026-05-18.xlsx
TA 602,103/1,,A_TRUE_MISSING_IN_ERECTION_RAW,Location absent in raw erection DPR parsed data,Treat as true missing erection start unless location exists in source DPR under different code/token,0,0,,,,0,0,,,TA 602 - DPR - 2026-05-18.xlsx
TA 602,103/2,,A_TRUE_MISSING_IN_ERECTION_RAW,Location absent in raw erection DPR parsed data,Treat as true missing erection start unless location exists in source DPR under different code/token,0,0,,,,0,0,,,TA 602 - DPR - 2026-05-18.xlsx
TA 602,103/3,,A_TRUE_MISSING_IN_ERECTION_RAW,Location absent in raw erection DPR parsed data,Treat as true missing erection start unless location exists in source DPR under different code/token,0,0,,,,0,0,,,TA 602 - DPR - 2026-05-18.xlsx
TA 602,107/0,,A_TRUE_MISSING_IN_ERECTION_RAW,Location absent in raw erection DPR parsed data,Treat as true missing erection start unless location exists in source DPR under different code/token,0,0,,,,0,0,,,TA 602 - DPR - 2026-05-18.xlsx
TA 602,107/1,,A_TRUE_MISSING_IN_ERECTION_RAW,Location absent in raw erection DPR parsed data,Treat as true missing erection start unless location exists in source DPR under different code/token,0,0,,,,0,0,,,TA 602 - DPR - 2026-05-18.xlsx
TA 602,107/2,,A_TRUE_MISSING_IN_ERECTION_RAW,Location absent in raw erection DPR parsed data,Treat as true missing erection start unless location exists in source DPR under different code/token,0,0,,,,0,0,,,TA 602 - DPR - 2026-05-18.xlsx
TA 602,107/4,,A_TRUE_MISSING_IN_ERECTION_RAW,Location absent in raw erection DPR parsed data,Treat as true missing erection start unless location exists in source DPR under different code/token,0,0,,,,0,0,,,TA 602 - DPR - 2026-05-18.xlsx
TA 602,108/0,,A_TRUE_MISSING_IN_ERECTION_RAW,Location absent in raw erection DPR parsed data,Treat as true missing erection start unless location exists in source DPR under different code/token,0,0,,,,0,0,,,TA 602 - DPR - 2026-05-18.xlsx
TA 602,108/1,,A_TRUE_MISSING_IN_ERECTION_RAW,Location absent in raw erection DPR parsed data,Treat as true missing erection start unless location exists in source DPR under different code/token,0,0,,,,0,0,,,TA 602 - DPR - 2026-05-18.xlsx
TA 602,108/4,,A_TRUE_MISSING_IN_ERECTION_RAW,Location absent in raw erection DPR parsed data,Treat as true missing erection start unless location exists in source DPR under different code/token,0,0,,,,0,0,,,TA 602 - DPR - 2026-05-18.xlsx
TA 602,108/5,,A_TRUE_MISSING_IN_ERECTION_RAW,Location absent in raw erection DPR parsed data,Treat as true missing erection start unless location exists in source DPR under different code/token,0,0,,,,0,0,,,TA 602 - DPR - 2026-05-18.xlsx
TA 602,108/6,,A_TRUE_MISSING_IN_ERECTION_RAW,Location absent in raw erection DPR parsed data,Treat as true missing erection start unless location exists in source DPR under different code/token,0,0,,,,0,0,,,TA 602 - DPR - 2026-05-18.xlsx
TA 602,108/7,,A_TRUE_MISSING_IN_ERECTION_RAW,Location absent in raw erection DPR parsed data,Treat as true missing erection start unless location exists in source DPR under different code/token,0,0,,,,0,0,,,TA 602 - DPR - 2026-05-18.xlsx
TA 602,109/10,,A_TRUE_MISSING_IN_ERECTION_RAW,Location absent in raw erection DPR parsed data,Treat as true missing erection start unless location exists in source DPR under different code/token,0,0,,,,0,0,,,TA 602 - DPR - 2026-05-18.xlsx
TA 602,109/11,,A_TRUE_MISSING_IN_ERECTION_RAW,Location absent in raw erection DPR parsed data,Treat as true missing erection start unless location exists in source DPR under different code/token,0,0,,,,0,0,,,TA 602 - DPR - 2026-05-18.xlsx
TA 602,109/5,,A_TRUE_MISSING_IN_ERECTION_RAW,Location absent in raw erection DPR parsed data,Treat as true missing erection start unless location exists in source DPR under different code/token,0,0,,,,0,0,,,TA 602 - DPR - 2026-05-18.xlsx
TA 602,109/6,,A_TRUE_MISSING_IN_ERECTION_RAW,Location absent in raw erection DPR parsed data,Treat as true missing erection start unless location exists in source DPR under different code/token,0,0,,,,0,0,,,TA 602 - DPR - 2026-05-18.xlsx
TA 602,109/7,,A_TRUE_MISSING_IN_ERECTION_RAW,Location absent in raw erection DPR parsed data,Treat as true missing erection start unless location exists in source DPR under different code/token,0,0,,,,0,0,,,TA 602 - DPR - 2026-05-18.xlsx
TA 602,109/8,,A_TRUE_MISSING_IN_ERECTION_RAW,Location absent in raw erection DPR parsed data,Treat as true missing erection start unless location exists in source DPR under different code/token,0,0,,,,0,0,,,TA 602 - DPR - 2026-05-18.xlsx
TA 602,109/9,,A_TRUE_MISSING_IN_ERECTION_RAW,Location absent in raw erection DPR parsed data,Treat as true missing erection start unless location exists in source DPR under different code/token,0,0,,,,0,0,,,TA 602 - DPR - 2026-05-18.xlsx
TA 602,110/1,,A_TRUE_MISSING_IN_ERECTION_RAW,Location absent in raw erection DPR parsed data,Treat as true missing erection start unless location exists in source DPR under different code/token,0,0,,,,0,0,,,TA 602 - DPR - 2026-05-18.xlsx
TA 602,110/2,,A_TRUE_MISSING_IN_ERECTION_RAW,Location absent in raw erection DPR parsed data,Treat as true missing erection start unless location exists in source DPR under different code/token,0,0,,,,0,0,,,TA 602 - DPR - 2026-05-18.xlsx
TA 602,110/3,,A_TRUE_MISSING_IN_ERECTION_RAW,Location absent in raw erection DPR parsed data,Treat as true missing erection start unless location exists in source DPR under different code/token,0,0,,,,0,0,,,TA 602 - DPR - 2026-05-18.xlsx
TA 602,110/4,,A_TRUE_MISSING_IN_ERECTION_RAW,Location absent in raw erection DPR parsed data,Treat as true missing erection start unless location exists in source DPR under different code/token,0,0,,,,0,0,,,TA 602 - DPR - 2026-05-18.xlsx
TA 602,111/3,,A_TRUE_MISSING_IN_ERECTION_RAW,Location absent in raw erection DPR parsed data,Treat as true missing erection start unless location exists in source DPR under different code/token,0,0,,,,0,0,,,TA 602 - DPR - 2026-05-18.xlsx
TA 602,111/4,,A_TRUE_MISSING_IN_ERECTION_RAW,Location absent in raw erection DPR parsed data,Treat as true missing erection start unless location exists in source DPR under different code/token,0,0,,,,0,0,,,TA 602 - DPR - 2026-05-18.xlsx
TA 602,111/5,,A_TRUE_MISSING_IN_ERECTION_RAW,Location absent in raw erection DPR parsed data,Treat as true missing erection start unless location exists in source DPR under different code/token,0,0,,,,0,0,,,TA 602 - DPR - 2026-05-18.xlsx
TA 602,121/10,,A_TRUE_MISSING_IN_ERECTION_RAW,Location absent in raw erection DPR parsed data,Treat as true missing erection start unless location exists in source DPR under different code/token,0,0,,,,0,0,,,TA 602 - DPR - 2026-05-18.xlsx
TA 602,121/5,,A_TRUE_MISSING_IN_ERECTION_RAW,Location absent in raw erection DPR parsed data,Treat as true missing erection start unless location exists in source DPR under different code/token,0,0,,,,0,0,,,TA 602 - DPR - 2026-05-18.xlsx
TA 602,121/9,,A_TRUE_MISSING_IN_ERECTION_RAW,Location absent in raw erection DPR parsed data,Treat as true missing erection start unless location exists in source DPR under different code/token,0,0,,,,0,0,,,TA 602 - DPR - 2026-05-18.xlsx
TA 602,123/1,,A_TRUE_MISSING_IN_ERECTION_RAW,Location absent in raw erection DPR parsed data,Treat as true missing erection start unless location exists in source DPR under different code/token,0,0,,,,0,0,,,TA 602 - DPR - 2026-05-18.xlsx
TA 602,123/2,,A_TRUE_MISSING_IN_ERECTION_RAW,Location absent in raw erection DPR parsed data,Treat as true missing erection start unless location exists in source DPR under different code/token,0,0,,,,0,0,,,TA 602 - DPR - 2026-05-18.xlsx
TA 602,123/3,,A_TRUE_MISSING_IN_ERECTION_RAW,Location absent in raw erection DPR parsed data,Treat as true missing erection start unless location exists in source DPR under different code/token,0,0,,,,0,0,,,TA 602 - DPR - 2026-05-18.xlsx
TA 602,123/4,,A_TRUE_MISSING_IN_ERECTION_RAW,Location absent in raw erection DPR parsed data,Treat as true missing erection start unless location exists in source DPR under different code/token,0,0,,,,0,0,,,TA 602 - DPR - 2026-05-18.xlsx
TA 602,124/0,,A_TRUE_MISSING_IN_ERECTION_RAW,Location absent in raw erection DPR parsed data,Treat as true missing erection start unless location exists in source DPR under different code/token,0,0,,,,0,0,,,TA 602 - DPR - 2026-05-18.xlsx
TA 602,124/1,,A_TRUE_MISSING_IN_ERECTION_RAW,Location absent in raw erection DPR parsed data,Treat as true missing erection start unless location exists in source DPR under different code/token,0,0,,,,0,0,,,TA 602 - DPR - 2026-05-18.xlsx
TA 602,124/2,,A_TRUE_MISSING_IN_ERECTION_RAW,Location absent in raw erection DPR parsed data,Treat as true missing erection start unless location exists in source DPR under different code/token,0,0,,,,0,0,,,TA 602 - DPR - 2026-05-18.xlsx
TA 602,124/3,,A_TRUE_MISSING_IN_ERECTION_RAW,Location absent in raw erection DPR parsed data,Treat as true missing erection start unless location exists in source DPR under different code/token,0,0,,,,0,0,,,TA 602 - DPR - 2026-05-18.xlsx
TA 602,124/5,,A_TRUE_MISSING_IN_ERECTION_RAW,Location absent in raw erection DPR parsed data,Treat as true missing erection start unless location exists in source DPR under different code/token,0,0,,,,0,0,,,TA 602 - DPR - 2026-05-18.xlsx
TA 602,125/0,,A_TRUE_MISSING_IN_ERECTION_RAW,Location absent in raw erection DPR parsed data,Treat as true missing erection start unless location exists in source DPR under different code/token,0,0,,,,0,0,,,TA 602 - DPR - 2026-05-18.xlsx
TA 602,125/1,,A_TRUE_MISSING_IN_ERECTION_RAW,Location absent in raw erection DPR parsed data,Treat as true missing erection start unless location exists in source DPR under different code/token,0,0,,,,0,0,,,TA 602 - DPR - 2026-05-18.xlsx
TA 602,126/0,,A_TRUE_MISSING_IN_ERECTION_RAW,Location absent in raw erection DPR parsed data,Treat as true missing erection start unless location exists in source DPR under different code/token,0,0,,,,0,0,,,TA 602 - DPR - 2026-05-18.xlsx
TA 602,126/2,,A_TRUE_MISSING_IN_ERECTION_RAW,Location absent in raw erection DPR parsed data,Treat as true missing erection start unless location exists in source DPR under different code/token,0,0,,,,0,0,,,TA 602 - DPR - 2026-05-18.xlsx
TA 602,126/7,,A_TRUE_MISSING_IN_ERECTION_RAW,Location absent in raw erection DPR parsed data,Treat as true missing erection start unless location exists in source DPR under different code/token,0,0,,,,0,0,,,TA 602 - DPR - 2026-05-18.xlsx
TA 602,127/0,,A_TRUE_MISSING_IN_ERECTION_RAW,Location absent in raw erection DPR parsed data,Treat as true missing erection start unless location exists in source DPR under different code/token,0,0,,,,0,0,,,TA 602 - DPR - 2026-05-18.xlsx
TA 602,127/1,,A_TRUE_MISSING_IN_ERECTION_RAW,Location absent in raw erection DPR parsed data,Treat as true missing erection start unless location exists in source DPR under different code/token,0,0,,,,0,0,,,TA 602 - DPR - 2026-05-18.xlsx
TA 602,127/2,,A_TRUE_MISSING_IN_ERECTION_RAW,Location absent in raw erection DPR parsed data,Treat as true missing erection start unless location exists in source DPR under different code/token,0,0,,,,0,0,,,TA 602 - DPR - 2026-05-18.xlsx
TA 602,127/3,,A_TRUE_MISSING_IN_ERECTION_RAW,Location absent in raw erection DPR parsed data,Treat as true missing erection start unless location exists in source DPR under different code/token,0,0,,,,0,0,,,TA 602 - DPR - 2026-05-18.xlsx
TA 602,127/4,,A_TRUE_MISSING_IN_ERECTION_RAW,Location absent in raw erection DPR parsed data,Treat as true missing erection start unless location exists in source DPR under different code/token,0,0,,,,0,0,,,TA 602 - DPR - 2026-05-18.xlsx
TA 602,127/7,,A_TRUE_MISSING_IN_ERECTION_RAW,Location absent in raw erection DPR parsed data,Treat as true missing erection start unless location exists in source DPR under different code/token,0,0,,,,0,0,,,TA 602 - DPR - 2026-05-18.xlsx
TA 602,129A/1,,A_TRUE_MISSING_IN_ERECTION_RAW,Location absent in raw erection DPR parsed data,Treat as true missing erection start unless location exists in source DPR under different code/token,0,0,,,,0,0,,,TA 602 - DPR - 2026-05-18.xlsx
TA 602,129A/10,,A_TRUE_MISSING_IN_ERECTION_RAW,Location absent in raw erection DPR parsed data,Treat as true missing erection start unless location exists in source DPR under different code/token,0,0,,,,0,0,,,TA 602 - DPR - 2026-05-18.xlsx
TA 602,129A/2,,A_TRUE_MISSING_IN_ERECTION_RAW,Location absent in raw erection DPR parsed data,Treat as true missing erection start unless location exists in source DPR under different code/token,0,0,,,,0,0,,,TA 602 - DPR - 2026-05-18.xlsx
TA 602,129A/5,,A_TRUE_MISSING_IN_ERECTION_RAW,Location absent in raw erection DPR parsed data,Treat as true missing erection start unless location exists in source DPR under different code/token,0,0,,,,0,0,,,TA 602 - DPR - 2026-05-18.xlsx
TA 602,129A/6,,A_TRUE_MISSING_IN_ERECTION_RAW,Location absent in raw erection DPR parsed data,Treat as true missing erection start unless location exists in source DPR under different code/token,0,0,,,,0,0,,,TA 602 - DPR - 2026-05-18.xlsx
TA 602,129A/7,,A_TRUE_MISSING_IN_ERECTION_RAW,Location absent in raw erection DPR parsed data,Treat as true missing erection start unless location exists in source DPR under different code/token,0,0,,,,0,0,,,TA 602 - DPR - 2026-05-18.xlsx
TA 602,134/6,,A_TRUE_MISSING_IN_ERECTION_RAW,Location absent in raw erection DPR parsed data,Treat as true missing erection start unless location exists in source DPR under different code/token,0,0,,,,0,0,,,TA 602 - DPR - 2026-05-18.xlsx
TA 602,136/0,,A_TRUE_MISSING_IN_ERECTION_RAW,Location absent in raw erection DPR parsed data,Treat as true missing erection start unless location exists in source DPR under different code/token,0,0,,,,0,0,,,TA 602 - DPR - 2026-05-18.xlsx
TA 602,136/6,,A_TRUE_MISSING_IN_ERECTION_RAW,Location absent in raw erection DPR parsed data,Treat as true missing erection start unless location exists in source DPR under different code/token,0,0,,,,0,0,,,TA 602 - DPR - 2026-05-18.xlsx
TA 602,136/7,,A_TRUE_MISSING_IN_ERECTION_RAW,Location absent in raw erection DPR parsed data,Treat as true missing erection start unless location exists in source DPR under different code/token,0,0,,,,0,0,,,TA 602 - DPR - 2026-05-18.xlsx
TA 602,136/9,,A_TRUE_MISSING_IN_ERECTION_RAW,Location absent in raw erection DPR parsed data,Treat as true missing erection start unless location exists in source DPR under different code/token,0,0,,,,0,0,,,TA 602 - DPR - 2026-05-18.xlsx
TA 602,139/0,,A_TRUE_MISSING_IN_ERECTION_RAW,Location absent in raw erection DPR parsed data,Treat as true missing erection start unless location exists in source DPR under different code/token,0,0,,,,0,0,,,TA 602 - DPR - 2026-05-18.xlsx
TA 602,139/1,,A_TRUE_MISSING_IN_ERECTION_RAW,Location absent in raw erection DPR parsed data,Treat as true missing erection start unless location exists in source DPR under different code/token,0,0,,,,0,0,,,TA 602 - DPR - 2026-05-18.xlsx
TA 602,139/3,,A_TRUE_MISSING_IN_ERECTION_RAW,Location absent in raw erection DPR parsed data,Treat as true missing erection start unless location exists in source DPR under different code/token,0,0,,,,0,0,,,TA 602 - DPR - 2026-05-18.xlsx
TA 602,139/4,,A_TRUE_MISSING_IN_ERECTION_RAW,Location absent in raw erection DPR parsed data,Treat as true missing erection start unless location exists in source DPR under different code/token,0,0,,,,0,0,,,TA 602 - DPR - 2026-05-18.xlsx
TA 602,139/6,,A_TRUE_MISSING_IN_ERECTION_RAW,Location absent in raw erection DPR parsed data,Treat as true missing erection start unless location exists in source DPR under different code/token,0,0,,,,0,0,,,TA 602 - DPR - 2026-05-18.xlsx
TA 602,69/1,,A_TRUE_MISSING_IN_ERECTION_RAW,Location absent in raw erection DPR parsed data,Treat as true missing erection start unless location exists in source DPR under different code/token,0,0,,,,0,0,,,TA 602 - DPR - 2026-05-18.xlsx
TA 602,69/2,,A_TRUE_MISSING_IN_ERECTION_RAW,Location absent in raw erection DPR parsed data,Treat as true missing erection start unless location exists in source DPR under different code/token,0,0,,,,0,0,,,TA 602 - DPR - 2026-05-18.xlsx
TA 602,69/3,,A_TRUE_MISSING_IN_ERECTION_RAW,Location absent in raw erection DPR parsed data,Treat as true missing erection start unless location exists in source DPR under different code/token,0,0,,,,0,0,,,TA 602 - DPR - 2026-05-18.xlsx
TA 602,69/4,,A_TRUE_MISSING_IN_ERECTION_RAW,Location absent in raw erection DPR parsed data,Treat as true missing erection start unless location exists in source DPR under different code/token,0,0,,,,0,0,,,TA 602 - DPR - 2026-05-18.xlsx
TA 602,70/1,,A_TRUE_MISSING_IN_ERECTION_RAW,Location absent in raw erection DPR parsed data,Treat as true missing erection start unless location exists in source DPR under different code/token,0,0,,,,0,0,,,TA 602 - DPR - 2026-05-18.xlsx
TA 602,70/2,,A_TRUE_MISSING_IN_ERECTION_RAW,Location absent in raw erection DPR parsed data,Treat as true missing erection start unless location exists in source DPR under different code/token,0,0,,,,0,0,,,TA 602 - DPR - 2026-05-18.xlsx
TA 602,70/3,,A_TRUE_MISSING_IN_ERECTION_RAW,Location absent in raw erection DPR parsed data,Treat as true missing erection start unless location exists in source DPR under different code/token,0,0,,,,0,0,,,TA 602 - DPR - 2026-05-18.xlsx
TA 602,71/1,,A_TRUE_MISSING_IN_ERECTION_RAW,Location absent in raw erection DPR parsed data,Treat as true missing erection start unless location exists in source DPR under different code/token,0,0,,,,0,0,,,TA 602 - DPR - 2026-05-18.xlsx
TA 602,71/2,,A_TRUE_MISSING_IN_ERECTION_RAW,Location absent in raw erection DPR parsed data,Treat as true missing erection start unless location exists in source DPR under different code/token,0,0,,,,0,0,,,TA 602 - DPR - 2026-05-18.xlsx
TA 602,71/3,,A_TRUE_MISSING_IN_ERECTION_RAW,Location absent in raw erection DPR parsed data,Treat as true missing erection start unless location exists in source DPR under different code/token,0,0,,,,0,0,,,TA 602 - DPR - 2026-05-18.xlsx
TA 602,71/4,,A_TRUE_MISSING_IN_ERECTION_RAW,Location absent in raw erection DPR parsed data,Treat as true missing erection start unless location exists in source DPR under different code/token,0,0,,,,0,0,,,TA 602 - DPR - 2026-05-18.xlsx
TA 602,76/1,,A_TRUE_MISSING_IN_ERECTION_RAW,Location absent in raw erection DPR parsed data,Treat as true missing erection start unless location exists in source DPR under different code/token,0,0,,,,0,0,,,TA 602 - DPR - 2026-05-18.xlsx
TA 602,76/2,,A_TRUE_MISSING_IN_ERECTION_RAW,Location absent in raw erection DPR parsed data,Treat as true missing erection start unless location exists in source DPR under different code/token,0,0,,,,0,0,,,TA 602 - DPR - 2026-05-18.xlsx
TA 602,76/5,,A_TRUE_MISSING_IN_ERECTION_RAW,Location absent in raw erection DPR parsed data,Treat as true missing erection start unless location exists in source DPR under different code/token,0,0,,,,0,0,,,TA 602 - DPR - 2026-05-18.xlsx
TA 602,76/6,,A_TRUE_MISSING_IN_ERECTION_RAW,Location absent in raw erection DPR parsed data,Treat as true missing erection start unless location exists in source DPR under different code/token,0,0,,,,0,0,,,TA 602 - DPR - 2026-05-18.xlsx
TA 602,77/1,,A_TRUE_MISSING_IN_ERECTION_RAW,Location absent in raw erection DPR parsed data,Treat as true missing erection start unless location exists in source DPR under different code/token,0,0,,,,0,0,,,TA 602 - DPR - 2026-05-18.xlsx
TA 602,82/2,,A_TRUE_MISSING_IN_ERECTION_RAW,Location absent in raw erection DPR parsed data,Treat as true missing erection start unless location exists in source DPR under different code/token,0,0,,,,0,0,,,TA 602 - DPR - 2026-05-18.xlsx
TA 602,82/3,,A_TRUE_MISSING_IN_ERECTION_RAW,Location absent in raw erection DPR parsed data,Treat as true missing erection start unless location exists in source DPR under different code/token,0,0,,,,0,0,,,TA 602 - DPR - 2026-05-18.xlsx
TA 602,87/2,,A_TRUE_MISSING_IN_ERECTION_RAW,Location absent in raw erection DPR parsed data,Treat as true missing erection start unless location exists in source DPR under different code/token,0,0,,,,0,0,,,TA 602 - DPR - 2026-05-18.xlsx
TA 602,87/3,,A_TRUE_MISSING_IN_ERECTION_RAW,Location absent in raw erection DPR parsed data,Treat as true missing erection start unless location exists in source DPR under different code/token,0,0,,,,0,0,,,TA 602 - DPR - 2026-05-18.xlsx
TA 602,87/4,,A_TRUE_MISSING_IN_ERECTION_RAW,Location absent in raw erection DPR parsed data,Treat as true missing erection start unless location exists in source DPR under different code/token,0,0,,,,0,0,,,TA 602 - DPR - 2026-05-18.xlsx
TA 602,87/5,,A_TRUE_MISSING_IN_ERECTION_RAW,Location absent in raw erection DPR parsed data,Treat as true missing erection start unless location exists in source DPR under different code/token,0,0,,,,0,0,,,TA 602 - DPR - 2026-05-18.xlsx
TA 602,88/0,,A_TRUE_MISSING_IN_ERECTION_RAW,Location absent in raw erection DPR parsed data,Treat as true missing erection start unless location exists in source DPR under different code/token,0,0,,,,0,0,,,TA 602 - DPR - 2026-05-18.xlsx
TA 602,88/1,,A_TRUE_MISSING_IN_ERECTION_RAW,Location absent in raw erection DPR parsed data,Treat as true missing erection start unless location exists in source DPR under different code/token,0,0,,,,0,0,,,TA 602 - DPR - 2026-05-18.xlsx
TA 602,88/2,,A_TRUE_MISSING_IN_ERECTION_RAW,Location absent in raw erection DPR parsed data,Treat as true missing erection start unless location exists in source DPR under different code/token,0,0,,,,0,0,,,TA 602 - DPR - 2026-05-18.xlsx
TA 602,88/3,,A_TRUE_MISSING_IN_ERECTION_RAW,Location absent in raw erection DPR parsed data,Treat as true missing erection start unless location exists in source DPR under different code/token,0,0,,,,0,0,,,TA 602 - DPR - 2026-05-18.xlsx
TA 602,89/5,,A_TRUE_MISSING_IN_ERECTION_RAW,Location absent in raw erection DPR parsed data,Treat as true missing erection start unless location exists in source DPR under different code/token,0,0,,,,0,0,,,TA 602 - DPR - 2026-05-18.xlsx
TA 602,89/6,,A_TRUE_MISSING_IN_ERECTION_RAW,Location absent in raw erection DPR parsed data,Treat as true missing erection start unless location exists in source DPR under different code/token,0,0,,,,0,0,,,TA 602 - DPR - 2026-05-18.xlsx
TA 602,89/7,,A_TRUE_MISSING_IN_ERECTION_RAW,Location absent in raw erection DPR parsed data,Treat as true missing erection start unless location exists in source DPR under different code/token,0,0,,,,0,0,,,TA 602 - DPR - 2026-05-18.xlsx
TA 602,89/8,,A_TRUE_MISSING_IN_ERECTION_RAW,Location absent in raw erection DPR parsed data,Treat as true missing erection start unless location exists in source DPR under different code/token,0,0,,,,0,0,,,TA 602 - DPR - 2026-05-18.xlsx
TA 602,89/9,,A_TRUE_MISSING_IN_ERECTION_RAW,Location absent in raw erection DPR parsed data,Treat as true missing erection start unless location exists in source DPR under different code/token,0,0,,,,0,0,,,TA 602 - DPR - 2026-05-18.xlsx
TA 602,99/1,,A_TRUE_MISSING_IN_ERECTION_RAW,Location absent in raw erection DPR parsed data,Treat as true missing erection start unless location exists in source DPR under different code/token,0,0,,,,0,0,,,TA 602 - DPR - 2026-05-18.xlsx
TA 602,99/2,,A_TRUE_MISSING_IN_ERECTION_RAW,Location absent in raw erection DPR parsed data,Treat as true missing erection start unless location exists in source DPR under different code/token,0,0,,,,0,0,,,TA 602 - DPR - 2026-05-18.xlsx
TB 507,1/0,,A_TRUE_MISSING_IN_ERECTION_RAW,Location absent in raw erection DPR parsed data,Treat as true missing erection start unless location exists in source DPR under different code/token,0,0,,,,0,0,,,TB 507 [MAIN] - DPR - 2026-05-19.xlsx
TB 507,10/11,,A_TRUE_MISSING_IN_ERECTION_RAW,Location absent in raw erection DPR parsed data,Treat as true missing erection start unless location exists in source DPR under different code/token,0,0,,,,0,0,,,TB 507 [MAIN] - DPR - 2026-05-19.xlsx
TB 507,10/12,,A_TRUE_MISSING_IN_ERECTION_RAW,Location absent in raw erection DPR parsed data,Treat as true missing erection start unless location exists in source DPR under different code/token,0,0,,,,0,0,,,TB 507 [MAIN] - DPR - 2026-05-19.xlsx
TB 507,10/13,,A_TRUE_MISSING_IN_ERECTION_RAW,Location absent in raw erection DPR parsed data,Treat as true missing erection start unless location exists in source DPR under different code/token,0,0,,,,0,0,,,TB 507 [MAIN] - DPR - 2026-05-19.xlsx
TB 507,10/3,,A_TRUE_MISSING_IN_ERECTION_RAW,Location absent in raw erection DPR parsed data,Treat as true missing erection start unless location exists in source DPR under different code/token,0,0,,,,0,0,,,TB 507 [MAIN] - DPR - 2026-05-19.xlsx
TB 507,100/0,,A_TRUE_MISSING_IN_ERECTION_RAW,Location absent in raw erection DPR parsed data,Treat as true missing erection start unless location exists in source DPR under different code/token,0,0,,,,0,0,,,TB 507 [MAIN] - DPR - 2026-05-19.xlsx
TB 507,100/1,,A_TRUE_MISSING_IN_ERECTION_RAW,Location absent in raw erection DPR parsed data,Treat as true missing erection start unless location exists in source DPR under different code/token,0,0,,,,0,0,,,TB 507 [MAIN] - DPR - 2026-05-19.xlsx
TB 507,103/0,,A_TRUE_MISSING_IN_ERECTION_RAW,Location absent in raw erection DPR parsed data,Treat as true missing erection start unless location exists in source DPR under different code/token,0,0,,,,0,0,,,TB 507 [MAIN] - DPR - 2026-05-19.xlsx
TB 507,103/1,,A_TRUE_MISSING_IN_ERECTION_RAW,Location absent in raw erection DPR parsed data,Treat as true missing erection start unless location exists in source DPR under different code/token,0,0,,,,0,0,,,TB 507 [MAIN] - DPR - 2026-05-19.xlsx
TB 507,104A/0,,A_TRUE_MISSING_IN_ERECTION_RAW,Location absent in raw erection DPR parsed data,Treat as true missing erection start unless location exists in source DPR under different code/token,0,0,,,,0,0,,,TB 507 [MAIN] - DPR - 2026-05-19.xlsx
TB 507,104B/1,,A_TRUE_MISSING_IN_ERECTION_RAW,Location absent in raw erection DPR parsed data,Treat as true missing erection start unless location exists in source DPR under different code/token,0,0,,,,0,0,,,TB 507 [MAIN] - DPR - 2026-05-19.xlsx
TB 507,105/0,,A_TRUE_MISSING_IN_ERECTION_RAW,Location absent in raw erection DPR parsed data,Treat as true missing erection start unless location exists in source DPR under different code/token,0,0,,,,0,0,,,TB 507 [MAIN] - DPR - 2026-05-19.xlsx
TB 507,106/0,,A_TRUE_MISSING_IN_ERECTION_RAW,Location absent in raw erection DPR parsed data,Treat as true missing erection start unless location exists in source DPR under different code/token,0,0,,,,0,0,,,TB 507 [MAIN] - DPR - 2026-05-19.xlsx
TB 507,108/0,,A_TRUE_MISSING_IN_ERECTION_RAW,Location absent in raw erection DPR parsed data,Treat as true missing erection start unless location exists in source DPR under different code/token,0,0,,,,0,0,,,TB 507 [MAIN] - DPR - 2026-05-19.xlsx
TB 507,109/0,,A_TRUE_MISSING_IN_ERECTION_RAW,Location absent in raw erection DPR parsed data,Treat as true missing erection start unless location exists in source DPR under different code/token,0,0,,,,0,0,,,TB 507 [MAIN] - DPR - 2026-05-19.xlsx
TB 507,117/0,,A_TRUE_MISSING_IN_ERECTION_RAW,Location absent in raw erection DPR parsed data,Treat as true missing erection start unless location exists in source DPR under different code/token,0,0,,,,0,0,,,TB 507 [MAIN] - DPR - 2026-05-19.xlsx
TB 507,117/2,,A_TRUE_MISSING_IN_ERECTION_RAW,Location absent in raw erection DPR parsed data,Treat as true missing erection start unless location exists in source DPR under different code/token,0,0,,,,0,0,,,TB 507 [MAIN] - DPR - 2026-05-19.xlsx
TB 507,119/0,,A_TRUE_MISSING_IN_ERECTION_RAW,Location absent in raw erection DPR parsed data,Treat as true missing erection start unless location exists in source DPR under different code/token,0,0,,,,0,0,,,TB 507 [MAIN] - DPR - 2026-05-19.xlsx
TB 507,122/2,,A_TRUE_MISSING_IN_ERECTION_RAW,Location absent in raw erection DPR parsed data,Treat as true missing erection start unless location exists in source DPR under different code/token,0,0,,,,0,0,,,TB 507 [MAIN] - DPR - 2026-05-19.xlsx
TB 507,124/0,,A_TRUE_MISSING_IN_ERECTION_RAW,Location absent in raw erection DPR parsed data,Treat as true missing erection start unless location exists in source DPR under different code/token,0,0,,,,0,0,,,TB 507 [MAIN] - DPR - 2026-05-19.xlsx
TB 507,125/0,,A_TRUE_MISSING_IN_ERECTION_RAW,Location absent in raw erection DPR parsed data,Treat as true missing erection start unless location exists in source DPR under different code/token,0,0,,,,0,0,,,TB 507 [MAIN] - DPR - 2026-05-19.xlsx
TB 507,125/1,,A_TRUE_MISSING_IN_ERECTION_RAW,Location absent in raw erection DPR parsed data,Treat as true missing erection start unless location exists in source DPR under different code/token,0,0,,,,0,0,,,TB 507 [MAIN] - DPR - 2026-05-19.xlsx
TB 507,125/2,,A_TRUE_MISSING_IN_ERECTION_RAW,Location absent in raw erection DPR parsed data,Treat as true missing erection start unless location exists in source DPR under different code/token,0,0,,,,0,0,,,TB 507 [MAIN] - DPR - 2026-05-19.xlsx
TB 507,126/3,,A_TRUE_MISSING_IN_ERECTION_RAW,Location absent in raw erection DPR parsed data,Treat as true missing erection start unless location exists in source DPR under different code/token,0,0,,,,0,0,,,TB 507 [MAIN] - DPR - 2026-05-19.xlsx
TB 507,13/2,,A_TRUE_MISSING_IN_ERECTION_RAW,Location absent in raw erection DPR parsed data,Treat as true missing erection start unless location exists in source DPR under different code/token,0,0,,,,0,0,,,TB 507 [MAIN] - DPR - 2026-05-19.xlsx
TB 507,154/1A,,A_TRUE_MISSING_IN_ERECTION_RAW,Location absent in raw erection DPR parsed data,Treat as true missing erection start unless location exists in source DPR under different code/token,0,0,,,,0,0,,,TB 507 [MAIN] - DPR - 2026-05-19.xlsx
TB 507,154/1B,,A_TRUE_MISSING_IN_ERECTION_RAW,Location absent in raw erection DPR parsed data,Treat as true missing erection start unless location exists in source DPR under different code/token,0,0,,,,0,0,,,TB 507 [MAIN] - DPR - 2026-05-19.xlsx
TB 507,154/2A,,A_TRUE_MISSING_IN_ERECTION_RAW,Location absent in raw erection DPR parsed data,Treat as true missing erection start unless location exists in source DPR under different code/token,0,0,,,,0,0,,,TB 507 [MAIN] - DPR - 2026-05-19.xlsx
TB 507,154/2B,,A_TRUE_MISSING_IN_ERECTION_RAW,Location absent in raw erection DPR parsed data,Treat as true missing erection start unless location exists in source DPR under different code/token,0,0,,,,0,0,,,TB 507 [MAIN] - DPR - 2026-05-19.xlsx
TB 507,155/0,,A_TRUE_MISSING_IN_ERECTION_RAW,Location absent in raw erection DPR parsed data,Treat as true missing erection start unless location exists in source DPR under different code/token,0,0,,,,0,0,,,TB 507 [MAIN] - DPR - 2026-05-19.xlsx
TB 507,156/0,,A_TRUE_MISSING_IN_ERECTION_RAW,Location absent in raw erection DPR parsed data,Treat as true missing erection start unless location exists in source DPR under different code/token,0,0,,,,0,0,,,TB 507 [MAIN] - DPR - 2026-05-19.xlsx
TB 507,157/0,,A_TRUE_MISSING_IN_ERECTION_RAW,Location absent in raw erection DPR parsed data,Treat as true missing erection start unless location exists in source DPR under different code/token,0,0,,,,0,0,,,TB 507 [MAIN] - DPR - 2026-05-19.xlsx
TB 507,2/0,,A_TRUE_MISSING_IN_ERECTION_RAW,Location absent in raw erection DPR parsed data,Treat as true missing erection start unless location exists in source DPR under different code/token,0,0,,,,0,0,,,TB 507 [MAIN] - DPR - 2026-05-19.xlsx
TB 507,2/0,,A_TRUE_MISSING_IN_ERECTION_RAW,Location absent in raw erection DPR parsed data,Treat as true missing erection start unless location exists in source DPR under different code/token,0,0,,,,0,0,,,TB 507 [MAIN] - DPR - 2026-05-19.xlsx
TB 507,2/1 A,,A_TRUE_MISSING_IN_ERECTION_RAW,Location absent in raw erection DPR parsed data,Treat as true missing erection start unless location exists in source DPR under different code/token,0,0,,,,0,0,,,TB 507 [MAIN] - DPR - 2026-05-19.xlsx
TB 507,2/1B,,A_TRUE_MISSING_IN_ERECTION_RAW,Location absent in raw erection DPR parsed data,Treat as true missing erection start unless location exists in source DPR under different code/token,0,0,,,,0,0,,,TB 507 [MAIN] - DPR - 2026-05-19.xlsx
TB 507,2/2,,A_TRUE_MISSING_IN_ERECTION_RAW,Location absent in raw erection DPR parsed data,Treat as true missing erection start unless location exists in source DPR under different code/token,0,0,,,,0,0,,,TB 507 [MAIN] - DPR - 2026-05-19.xlsx
TB 507,2/3,,A_TRUE_MISSING_IN_ERECTION_RAW,Location absent in raw erection DPR parsed data,Treat as true missing erection start unless location exists in source DPR under different code/token,0,0,,,,0,0,,,TB 507 [MAIN] - DPR - 2026-05-19.xlsx
TB 507,2/4,,A_TRUE_MISSING_IN_ERECTION_RAW,Location absent in raw erection DPR parsed data,Treat as true missing erection start unless location exists in source DPR under different code/token,0,0,,,,0,0,,,TB 507 [MAIN] - DPR - 2026-05-19.xlsx
TB 507,2/5,,A_TRUE_MISSING_IN_ERECTION_RAW,Location absent in raw erection DPR parsed data,Treat as true missing erection start unless location exists in source DPR under different code/token,0,0,,,,0,0,,,TB 507 [MAIN] - DPR - 2026-05-19.xlsx
TB 507,3/0A,,A_TRUE_MISSING_IN_ERECTION_RAW,Location absent in raw erection DPR parsed data,Treat as true missing erection start unless location exists in source DPR under different code/token,0,0,,,,0,0,,,TB 507 [MAIN] - DPR - 2026-05-19.xlsx
TB 507,3/0B,,A_TRUE_MISSING_IN_ERECTION_RAW,Location absent in raw erection DPR parsed data,Treat as true missing erection start unless location exists in source DPR under different code/token,0,0,,,,0,0,,,TB 507 [MAIN] - DPR - 2026-05-19.xlsx
TB 507,3/1,,A_TRUE_MISSING_IN_ERECTION_RAW,Location absent in raw erection DPR parsed data,Treat as true missing erection start unless location exists in source DPR under different code/token,0,0,,,,0,0,,,TB 507 [MAIN] - DPR - 2026-05-19.xlsx
TB 507,3/1,,A_TRUE_MISSING_IN_ERECTION_RAW,Location absent in raw erection DPR parsed data,Treat as true missing erection start unless location exists in source DPR under different code/token,0,0,,,,0,0,,,TB 507 [MAIN] - DPR - 2026-05-19.xlsx
TB 507,3/2,,A_TRUE_MISSING_IN_ERECTION_RAW,Location absent in raw erection DPR parsed data,Treat as true missing erection start unless location exists in source DPR under different code/token,0,0,,,,0,0,,,TB 507 [MAIN] - DPR - 2026-05-19.xlsx
TB 507,3/3,,A_TRUE_MISSING_IN_ERECTION_RAW,Location absent in raw erection DPR parsed data,Treat as true missing erection start unless location exists in source DPR under different code/token,0,0,,,,0,0,,,TB 507 [MAIN] - DPR - 2026-05-19.xlsx
TB 507,3/4,,A_TRUE_MISSING_IN_ERECTION_RAW,Location absent in raw erection DPR parsed data,Treat as true missing erection start unless location exists in source DPR under different code/token,0,0,,,,0,0,,,TB 507 [MAIN] - DPR - 2026-05-19.xlsx
TB 507,3/5,,A_TRUE_MISSING_IN_ERECTION_RAW,Location absent in raw erection DPR parsed data,Treat as true missing erection start unless location exists in source DPR under different code/token,0,0,,,,0,0,,,TB 507 [MAIN] - DPR - 2026-05-19.xlsx
TB 507,4/0,,A_TRUE_MISSING_IN_ERECTION_RAW,Location absent in raw erection DPR parsed data,Treat as true missing erection start unless location exists in source DPR under different code/token,0,0,,,,0,0,,,TB 507 [MAIN] - DPR - 2026-05-19.xlsx
TB 507,4/0,,A_TRUE_MISSING_IN_ERECTION_RAW,Location absent in raw erection DPR parsed data,Treat as true missing erection start unless location exists in source DPR under different code/token,0,0,,,,0,0,,,TB 507 [MAIN] - DPR - 2026-05-19.xlsx
TB 507,4/1,,A_TRUE_MISSING_IN_ERECTION_RAW,Location absent in raw erection DPR parsed data,Treat as true missing erection start unless location exists in source DPR under different code/token,0,0,,,,0,0,,,TB 507 [MAIN] - DPR - 2026-05-19.xlsx
TB 507,4/2,,A_TRUE_MISSING_IN_ERECTION_RAW,Location absent in raw erection DPR parsed data,Treat as true missing erection start unless location exists in source DPR under different code/token,0,0,,,,0,0,,,TB 507 [MAIN] - DPR - 2026-05-19.xlsx
TB 507,4/3,,A_TRUE_MISSING_IN_ERECTION_RAW,Location absent in raw erection DPR parsed data,Treat as true missing erection start unless location exists in source DPR under different code/token,0,0,,,,0,0,,,TB 507 [MAIN] - DPR - 2026-05-19.xlsx
TB 507,4/4,,A_TRUE_MISSING_IN_ERECTION_RAW,Location absent in raw erection DPR parsed data,Treat as true missing erection start unless location exists in source DPR under different code/token,0,0,,,,0,0,,,TB 507 [MAIN] - DPR - 2026-05-19.xlsx
TB 507,4/5,,A_TRUE_MISSING_IN_ERECTION_RAW,Location absent in raw erection DPR parsed data,Treat as true missing erection start unless location exists in source DPR under different code/token,0,0,,,,0,0,,,TB 507 [MAIN] - DPR - 2026-05-19.xlsx
TB 507,48/0,,A_TRUE_MISSING_IN_ERECTION_RAW,Location absent in raw erection DPR parsed data,Treat as true missing erection start unless location exists in source DPR under different code/token,0,0,,,,0,0,,,TB 507 [MAIN] - DPR - 2026-05-19.xlsx
TB 507,5/0,,A_TRUE_MISSING_IN_ERECTION_RAW,Location absent in raw erection DPR parsed data,Treat as true missing erection start unless location exists in source DPR under different code/token,0,0,,,,0,0,,,TB 507 [MAIN] - DPR - 2026-05-19.xlsx
TB 507,5/1,,A_TRUE_MISSING_IN_ERECTION_RAW,Location absent in raw erection DPR parsed data,Treat as true missing erection start unless location exists in source DPR under different code/token,0,0,,,,0,0,,,TB 507 [MAIN] - DPR - 2026-05-19.xlsx
TB 507,5/2,,A_TRUE_MISSING_IN_ERECTION_RAW,Location absent in raw erection DPR parsed data,Treat as true missing erection start unless location exists in source DPR under different code/token,0,0,,,,0,0,,,TB 507 [MAIN] - DPR - 2026-05-19.xlsx
TB 507,51/2,,A_TRUE_MISSING_IN_ERECTION_RAW,Location absent in raw erection DPR parsed data,Treat as true missing erection start unless location exists in source DPR under different code/token,0,0,,,,0,0,,,TB 507 [MAIN] - DPR - 2026-05-19.xlsx
TB 507,51/3,,A_TRUE_MISSING_IN_ERECTION_RAW,Location absent in raw erection DPR parsed data,Treat as true missing erection start unless location exists in source DPR under different code/token,0,0,,,,0,0,,,TB 507 [MAIN] - DPR - 2026-05-19.xlsx
TB 507,56/1,,A_TRUE_MISSING_IN_ERECTION_RAW,Location absent in raw erection DPR parsed data,Treat as true missing erection start unless location exists in source DPR under different code/token,0,0,,,,0,0,,,TB 507 [MAIN] - DPR - 2026-05-19.xlsx
TB 507,56/2,,A_TRUE_MISSING_IN_ERECTION_RAW,Location absent in raw erection DPR parsed data,Treat as true missing erection start unless location exists in source DPR under different code/token,0,0,,,,0,0,,,TB 507 [MAIN] - DPR - 2026-05-19.xlsx
TB 507,56/4,,A_TRUE_MISSING_IN_ERECTION_RAW,Location absent in raw erection DPR parsed data,Treat as true missing erection start unless location exists in source DPR under different code/token,0,0,,,,0,0,,,TB 507 [MAIN] - DPR - 2026-05-19.xlsx
TB 507,56/5,,A_TRUE_MISSING_IN_ERECTION_RAW,Location absent in raw erection DPR parsed data,Treat as true missing erection start unless location exists in source DPR under different code/token,0,0,,,,0,0,,,TB 507 [MAIN] - DPR - 2026-05-19.xlsx
TB 507,57/0,,A_TRUE_MISSING_IN_ERECTION_RAW,Location absent in raw erection DPR parsed data,Treat as true missing erection start unless location exists in source DPR under different code/token,0,0,,,,0,0,,,TB 507 [MAIN] - DPR - 2026-05-19.xlsx
TB 507,58/0,,A_TRUE_MISSING_IN_ERECTION_RAW,Location absent in raw erection DPR parsed data,Treat as true missing erection start unless location exists in source DPR under different code/token,0,0,,,,0,0,,,TB 507 [MAIN] - DPR - 2026-05-19.xlsx
TB 507,59/0,,A_TRUE_MISSING_IN_ERECTION_RAW,Location absent in raw erection DPR parsed data,Treat as true missing erection start unless location exists in source DPR under different code/token,0,0,,,,0,0,,,TB 507 [MAIN] - DPR - 2026-05-19.xlsx
TB 507,6/0,,A_TRUE_MISSING_IN_ERECTION_RAW,Location absent in raw erection DPR parsed data,Treat as true missing erection start unless location exists in source DPR under different code/token,0,0,,,,0,0,,,TB 507 [MAIN] - DPR - 2026-05-19.xlsx
TB 507,6/1,,A_TRUE_MISSING_IN_ERECTION_RAW,Location absent in raw erection DPR parsed data,Treat as true missing erection start unless location exists in source DPR under different code/token,0,0,,,,0,0,,,TB 507 [MAIN] - DPR - 2026-05-19.xlsx
TB 507,6/2,,A_TRUE_MISSING_IN_ERECTION_RAW,Location absent in raw erection DPR parsed data,Treat as true missing erection start unless location exists in source DPR under different code/token,0,0,,,,0,0,,,TB 507 [MAIN] - DPR - 2026-05-19.xlsx
TB 507,62/4,,A_TRUE_MISSING_IN_ERECTION_RAW,Location absent in raw erection DPR parsed data,Treat as true missing erection start unless location exists in source DPR under different code/token,0,0,,,,0,0,,,TB 507 [MAIN] - DPR - 2026-05-19.xlsx
TB 507,62/5,,A_TRUE_MISSING_IN_ERECTION_RAW,Location absent in raw erection DPR parsed data,Treat as true missing erection start unless location exists in source DPR under different code/token,0,0,,,,0,0,,,TB 507 [MAIN] - DPR - 2026-05-19.xlsx
TB 507,63/1,,A_TRUE_MISSING_IN_ERECTION_RAW,Location absent in raw erection DPR parsed data,Treat as true missing erection start unless location exists in source DPR under different code/token,0,0,,,,0,0,,,TB 507 [MAIN] - DPR - 2026-05-19.xlsx
TB 507,64/0,,A_TRUE_MISSING_IN_ERECTION_RAW,Location absent in raw erection DPR parsed data,Treat as true missing erection start unless location exists in source DPR under different code/token,0,0,,,,0,0,,,TB 507 [MAIN] - DPR - 2026-05-19.xlsx
TB 507,64/3,,A_TRUE_MISSING_IN_ERECTION_RAW,Location absent in raw erection DPR parsed data,Treat as true missing erection start unless location exists in source DPR under different code/token,0,0,,,,0,0,,,TB 507 [MAIN] - DPR - 2026-05-19.xlsx
TB 507,64/4,,A_TRUE_MISSING_IN_ERECTION_RAW,Location absent in raw erection DPR parsed data,Treat as true missing erection start unless location exists in source DPR under different code/token,0,0,,,,0,0,,,TB 507 [MAIN] - DPR - 2026-05-19.xlsx
TB 507,64/5,,A_TRUE_MISSING_IN_ERECTION_RAW,Location absent in raw erection DPR parsed data,Treat as true missing erection start unless location exists in source DPR under different code/token,0,0,,,,0,0,,,TB 507 [MAIN] - DPR - 2026-05-19.xlsx
TB 507,64/6,,A_TRUE_MISSING_IN_ERECTION_RAW,Location absent in raw erection DPR parsed data,Treat as true missing erection start unless location exists in source DPR under different code/token,0,0,,,,0,0,,,TB 507 [MAIN] - DPR - 2026-05-19.xlsx
TB 507,66/2,,A_TRUE_MISSING_IN_ERECTION_RAW,Location absent in raw erection DPR parsed data,Treat as true missing erection start unless location exists in source DPR under different code/token,0,0,,,,0,0,,,TB 507 [MAIN] - DPR - 2026-05-19.xlsx
TB 507,66/3,,A_TRUE_MISSING_IN_ERECTION_RAW,Location absent in raw erection DPR parsed data,Treat as true missing erection start unless location exists in source DPR under different code/token,0,0,,,,0,0,,,TB 507 [MAIN] - DPR - 2026-05-19.xlsx
TB 507,69/3,,A_TRUE_MISSING_IN_ERECTION_RAW,Location absent in raw erection DPR parsed data,Treat as true missing erection start unless location exists in source DPR under different code/token,0,0,,,,0,0,,,TB 507 [MAIN] - DPR - 2026-05-19.xlsx
TB 507,7/0,,A_TRUE_MISSING_IN_ERECTION_RAW,Location absent in raw erection DPR parsed data,Treat as true missing erection start unless location exists in source DPR under different code/token,0,0,,,,0,0,,,TB 507 [MAIN] - DPR - 2026-05-19.xlsx
TB 507,71/0,,A_TRUE_MISSING_IN_ERECTION_RAW,Location absent in raw erection DPR parsed data,Treat as true missing erection start unless location exists in source DPR under different code/token,0,0,,,,0,0,,,TB 507 [MAIN] - DPR - 2026-05-19.xlsx
TB 507,71/1,,A_TRUE_MISSING_IN_ERECTION_RAW,Location absent in raw erection DPR parsed data,Treat as true missing erection start unless location exists in source DPR under different code/token,0,0,,,,0,0,,,TB 507 [MAIN] - DPR - 2026-05-19.xlsx
TB 507,72/1,,A_TRUE_MISSING_IN_ERECTION_RAW,Location absent in raw erection DPR parsed data,Treat as true missing erection start unless location exists in source DPR under different code/token,0,0,,,,0,0,,,TB 507 [MAIN] - DPR - 2026-05-19.xlsx
TB 507,74/0,,A_TRUE_MISSING_IN_ERECTION_RAW,Location absent in raw erection DPR parsed data,Treat as true missing erection start unless location exists in source DPR under different code/token,0,0,,,,0,0,,,TB 507 [MAIN] - DPR - 2026-05-19.xlsx
TB 507,8/0,,A_TRUE_MISSING_IN_ERECTION_RAW,Location absent in raw erection DPR parsed data,Treat as true missing erection start unless location exists in source DPR under different code/token,0,0,,,,0,0,,,TB 507 [MAIN] - DPR - 2026-05-19.xlsx
TB 507,8/3,,A_TRUE_MISSING_IN_ERECTION_RAW,Location absent in raw erection DPR parsed data,Treat as true missing erection start unless location exists in source DPR under different code/token,0,0,,,,0,0,,,TB 507 [MAIN] - DPR - 2026-05-19.xlsx
TB 507,8/4,,A_TRUE_MISSING_IN_ERECTION_RAW,Location absent in raw erection DPR parsed data,Treat as true missing erection start unless location exists in source DPR under different code/token,0,0,,,,0,0,,,TB 507 [MAIN] - DPR - 2026-05-19.xlsx
TB 507,86/2,,A_TRUE_MISSING_IN_ERECTION_RAW,Location absent in raw erection DPR parsed data,Treat as true missing erection start unless location exists in source DPR under different code/token,0,0,,,,0,0,,,TB 507 [MAIN] - DPR - 2026-05-19.xlsx
TB 507,87/0,,A_TRUE_MISSING_IN_ERECTION_RAW,Location absent in raw erection DPR parsed data,Treat as true missing erection start unless location exists in source DPR under different code/token,0,0,,,,0,0,,,TB 507 [MAIN] - DPR - 2026-05-19.xlsx
TB 507,87/1,,A_TRUE_MISSING_IN_ERECTION_RAW,Location absent in raw erection DPR parsed data,Treat as true missing erection start unless location exists in source DPR under different code/token,0,0,,,,0,0,,,TB 507 [MAIN] - DPR - 2026-05-19.xlsx
TB 507,87/2,,A_TRUE_MISSING_IN_ERECTION_RAW,Location absent in raw erection DPR parsed data,Treat as true missing erection start unless location exists in source DPR under different code/token,0,0,,,,0,0,,,TB 507 [MAIN] - DPR - 2026-05-19.xlsx
TB 507,88/0,,A_TRUE_MISSING_IN_ERECTION_RAW,Location absent in raw erection DPR parsed data,Treat as true missing erection start unless location exists in source DPR under different code/token,0,0,,,,0,0,,,TB 507 [MAIN] - DPR - 2026-05-19.xlsx
TB 507,89/0,,A_TRUE_MISSING_IN_ERECTION_RAW,Location absent in raw erection DPR parsed data,Treat as true missing erection start unless location exists in source DPR under different code/token,0,0,,,,0,0,,,TB 507 [MAIN] - DPR - 2026-05-19.xlsx
TB 507,91/2,,A_TRUE_MISSING_IN_ERECTION_RAW,Location absent in raw erection DPR parsed data,Treat as true missing erection start unless location exists in source DPR under different code/token,0,0,,,,0,0,,,TB 507 [MAIN] - DPR - 2026-05-19.xlsx
TB 507,94/0,,A_TRUE_MISSING_IN_ERECTION_RAW,Location absent in raw erection DPR parsed data,Treat as true missing erection start unless location exists in source DPR under different code/token,0,0,,,,0,0,,,TB 507 [MAIN] - DPR - 2026-05-19.xlsx
TB 507,95/2,,A_TRUE_MISSING_IN_ERECTION_RAW,Location absent in raw erection DPR parsed data,Treat as true missing erection start unless location exists in source DPR under different code/token,0,0,,,,0,0,,,TB 507 [MAIN] - DPR - 2026-05-19.xlsx
TB 507,96/0,,A_TRUE_MISSING_IN_ERECTION_RAW,Location absent in raw erection DPR parsed data,Treat as true missing erection start unless location exists in source DPR under different code/token,0,0,,,,0,0,,,TB 507 [MAIN] - DPR - 2026-05-19.xlsx
TB 507,96/2,,A_TRUE_MISSING_IN_ERECTION_RAW,Location absent in raw erection DPR parsed data,Treat as true missing erection start unless location exists in source DPR under different code/token,0,0,,,,0,0,,,TB 507 [MAIN] - DPR - 2026-05-19.xlsx
TB 507,98B/1,,A_TRUE_MISSING_IN_ERECTION_RAW,Location absent in raw erection DPR parsed data,Treat as true missing erection start unless location exists in source DPR under different code/token,0,0,,,,0,0,,,TB 507 [MAIN] - DPR - 2026-05-19.xlsx
TB 507,98B/2,,A_TRUE_MISSING_IN_ERECTION_RAW,Location absent in raw erection DPR parsed data,Treat as true missing erection start unless location exists in source DPR under different code/token,0,0,,,,0,0,,,TB 507 [MAIN] - DPR - 2026-05-19.xlsx
TB 507,99/0,,A_TRUE_MISSING_IN_ERECTION_RAW,Location absent in raw erection DPR parsed data,Treat as true missing erection start unless location exists in source DPR under different code/token,0,0,,,,0,0,,,TB 507 [MAIN] - DPR - 2026-05-19.xlsx
TB 507,99/1,,A_TRUE_MISSING_IN_ERECTION_RAW,Location absent in raw erection DPR parsed data,Treat as true missing erection start unless location exists in source DPR under different code/token,0,0,,,,0,0,,,TB 507 [MAIN] - DPR - 2026-05-19.xlsx
TB 507,99/2,,A_TRUE_MISSING_IN_ERECTION_RAW,Location absent in raw erection DPR parsed data,Treat as true missing erection start unless location exists in source DPR under different code/token,0,0,,,,0,0,,,TB 507 [MAIN] - DPR - 2026-05-19.xlsx
TB 507,99/3,,A_TRUE_MISSING_IN_ERECTION_RAW,Location absent in raw erection DPR parsed data,Treat as true missing erection start unless location exists in source DPR under different code/token,0,0,,,,0,0,,,TB 507 [MAIN] - DPR - 2026-05-19.xlsx
TB 507,99/4,,A_TRUE_MISSING_IN_ERECTION_RAW,Location absent in raw erection DPR parsed data,Treat as true missing erection start unless location exists in source DPR under different code/token,0,0,,,,0,0,,,TB 507 [MAIN] - DPR - 2026-05-19.xlsx
TB 507,99A/0,,A_TRUE_MISSING_IN_ERECTION_RAW,Location absent in raw erection DPR parsed data,Treat as true missing erection start unless location exists in source DPR under different code/token,0,0,,,,0,0,,,TB 507 [MAIN] - DPR - 2026-05-19.xlsx
TB 507,99C/0,,A_TRUE_MISSING_IN_ERECTION_RAW,Location absent in raw erection DPR parsed data,Treat as true missing erection start unless location exists in source DPR under different code/token,0,0,,,,0,0,,,TB 507 [MAIN] - DPR - 2026-05-19.xlsx
TB 507,99C/2,,A_TRUE_MISSING_IN_ERECTION_RAW,Location absent in raw erection DPR parsed data,Treat as true missing erection start unless location exists in source DPR under different code/token,0,0,,,,0,0,,,TB 507 [MAIN] - DPR - 2026-05-19.xlsx
TB 605,102/1,,A_TRUE_MISSING_IN_ERECTION_RAW,Location absent in raw erection DPR parsed data,Treat as true missing erection start unless location exists in source DPR under different code/token,0,0,,,,0,0,,,TB 605 - DPR - 2026-05-19.xlsx
TB 605,106/1,,A_TRUE_MISSING_IN_ERECTION_RAW,Location absent in raw erection DPR parsed data,Treat as true missing erection start unless location exists in source DPR under different code/token,0,0,,,,0,0,,,TB 605 - DPR - 2026-05-19.xlsx
TB 605,122/1,,A_TRUE_MISSING_IN_ERECTION_RAW,Location absent in raw erection DPR parsed data,Treat as true missing erection start unless location exists in source DPR under different code/token,0,0,,,,0,0,,,TB 605 - DPR - 2026-05-19.xlsx
TB 605,135/2,,A_TRUE_MISSING_IN_ERECTION_RAW,Location absent in raw erection DPR parsed data,Treat as true missing erection start unless location exists in source DPR under different code/token,0,0,,,,0,0,,,TB 605 - DPR - 2026-05-19.xlsx
TB 605,136/4,,A_TRUE_MISSING_IN_ERECTION_RAW,Location absent in raw erection DPR parsed data,Treat as true missing erection start unless location exists in source DPR under different code/token,0,0,,,,0,0,,,TB 605 - DPR - 2026-05-19.xlsx
TB 605,137/2,,A_TRUE_MISSING_IN_ERECTION_RAW,Location absent in raw erection DPR parsed data,Treat as true missing erection start unless location exists in source DPR under different code/token,0,0,,,,0,0,,,TB 605 - DPR - 2026-05-19.xlsx
TB 605,138/1,,A_TRUE_MISSING_IN_ERECTION_RAW,Location absent in raw erection DPR parsed data,Treat as true missing erection start unless location exists in source DPR under different code/token,0,0,,,,0,0,,,TB 605 - DPR - 2026-05-19.xlsx
TB 605,138/2,,A_TRUE_MISSING_IN_ERECTION_RAW,Location absent in raw erection DPR parsed data,Treat as true missing erection start unless location exists in source DPR under different code/token,0,0,,,,0,0,,,TB 605 - DPR - 2026-05-19.xlsx
TB 605,139/1,,A_TRUE_MISSING_IN_ERECTION_RAW,Location absent in raw erection DPR parsed data,Treat as true missing erection start unless location exists in source DPR under different code/token,0,0,,,,0,0,,,TB 605 - DPR - 2026-05-19.xlsx
TB 605,142/1,,A_TRUE_MISSING_IN_ERECTION_RAW,Location absent in raw erection DPR parsed data,Treat as true missing erection start unless location exists in source DPR under different code/token,0,0,,,,0,0,,,TB 605 - DPR - 2026-05-19.xlsx
TB 605,144/3,,A_TRUE_MISSING_IN_ERECTION_RAW,Location absent in raw erection DPR parsed data,Treat as true missing erection start unless location exists in source DPR under different code/token,0,0,,,,0,0,,,TB 605 - DPR - 2026-05-19.xlsx
TB 605,152/2,,A_TRUE_MISSING_IN_ERECTION_RAW,Location absent in raw erection DPR parsed data,Treat as true missing erection start unless location exists in source DPR under different code/token,0,0,,,,0,0,,,TB 605 - DPR - 2026-05-19.xlsx
TB 605,153/0,,A_TRUE_MISSING_IN_ERECTION_RAW,Location absent in raw erection DPR parsed data,Treat as true missing erection start unless location exists in source DPR under different code/token,0,0,,,,0,0,,,TB 605 - DPR - 2026-05-19.xlsx
TB 605,159/2,,A_TRUE_MISSING_IN_ERECTION_RAW,Location absent in raw erection DPR parsed data,Treat as true missing erection start unless location exists in source DPR under different code/token,0,0,,,,0,0,,,TB 605 - DPR - 2026-05-19.xlsx
TB 605,159/3,,A_TRUE_MISSING_IN_ERECTION_RAW,Location absent in raw erection DPR parsed data,Treat as true missing erection start unless location exists in source DPR under different code/token,0,0,,,,0,0,,,TB 605 - DPR - 2026-05-19.xlsx
TB 605,17/0,,A_TRUE_MISSING_IN_ERECTION_RAW,Location absent in raw erection DPR parsed data,Treat as true missing erection start unless location exists in source DPR under different code/token,0,0,,,,0,0,,,TB 605 - DPR - 2026-05-19.xlsx
TB 605,18/0,,A_TRUE_MISSING_IN_ERECTION_RAW,Location absent in raw erection DPR parsed data,Treat as true missing erection start unless location exists in source DPR under different code/token,0,0,,,,0,0,,,TB 605 - DPR - 2026-05-19.xlsx
TB 605,20/0,,A_TRUE_MISSING_IN_ERECTION_RAW,Location absent in raw erection DPR parsed data,Treat as true missing erection start unless location exists in source DPR under different code/token,0,0,,,,0,0,,,TB 605 - DPR - 2026-05-19.xlsx
TB 605,21/1,,A_TRUE_MISSING_IN_ERECTION_RAW,Location absent in raw erection DPR parsed data,Treat as true missing erection start unless location exists in source DPR under different code/token,0,0,,,,0,0,,,TB 605 - DPR - 2026-05-19.xlsx
TB 605,22/0,,A_TRUE_MISSING_IN_ERECTION_RAW,Location absent in raw erection DPR parsed data,Treat as true missing erection start unless location exists in source DPR under different code/token,0,0,,,,0,0,,,TB 605 - DPR - 2026-05-19.xlsx
TB 605,22/1,,A_TRUE_MISSING_IN_ERECTION_RAW,Location absent in raw erection DPR parsed data,Treat as true missing erection start unless location exists in source DPR under different code/token,0,0,,,,0,0,,,TB 605 - DPR - 2026-05-19.xlsx
TB 605,22/2,,A_TRUE_MISSING_IN_ERECTION_RAW,Location absent in raw erection DPR parsed data,Treat as true missing erection start unless location exists in source DPR under different code/token,0,0,,,,0,0,,,TB 605 - DPR - 2026-05-19.xlsx
TB 605,23/0,,A_TRUE_MISSING_IN_ERECTION_RAW,Location absent in raw erection DPR parsed data,Treat as true missing erection start unless location exists in source DPR under different code/token,0,0,,,,0,0,,,TB 605 - DPR - 2026-05-19.xlsx
TB 605,23/2,,A_TRUE_MISSING_IN_ERECTION_RAW,Location absent in raw erection DPR parsed data,Treat as true missing erection start unless location exists in source DPR under different code/token,0,0,,,,0,0,,,TB 605 - DPR - 2026-05-19.xlsx
TB 605,29/0,,A_TRUE_MISSING_IN_ERECTION_RAW,Location absent in raw erection DPR parsed data,Treat as true missing erection start unless location exists in source DPR under different code/token,0,0,,,,0,0,,,TB 605 - DPR - 2026-05-19.xlsx
TB 605,40/0,,A_TRUE_MISSING_IN_ERECTION_RAW,Location absent in raw erection DPR parsed data,Treat as true missing erection start unless location exists in source DPR under different code/token,0,0,,,,0,0,,,TB 605 - DPR - 2026-05-19.xlsx
TB 605,40/3,,A_TRUE_MISSING_IN_ERECTION_RAW,Location absent in raw erection DPR parsed data,Treat as true missing erection start unless location exists in source DPR under different code/token,0,0,,,,0,0,,,TB 605 - DPR - 2026-05-19.xlsx
TB 605,50A/2,,A_TRUE_MISSING_IN_ERECTION_RAW,Location absent in raw erection DPR parsed data,Treat as true missing erection start unless location exists in source DPR under different code/token,0,0,,,,0,0,,,TB 605 - DPR - 2026-05-19.xlsx
TB 605,55/1,,A_TRUE_MISSING_IN_ERECTION_RAW,Location absent in raw erection DPR parsed data,Treat as true missing erection start unless location exists in source DPR under different code/token,0,0,,,,0,0,,,TB 605 - DPR - 2026-05-19.xlsx
TB 605,56/2,,A_TRUE_MISSING_IN_ERECTION_RAW,Location absent in raw erection DPR parsed data,Treat as true missing erection start unless location exists in source DPR under different code/token,0,0,,,,0,0,,,TB 605 - DPR - 2026-05-19.xlsx
TB 605,56/3,,A_TRUE_MISSING_IN_ERECTION_RAW,Location absent in raw erection DPR parsed data,Treat as true missing erection start unless location exists in source DPR under different code/token,0,0,,,,0,0,,,TB 605 - DPR - 2026-05-19.xlsx
TB 605,56/4,,A_TRUE_MISSING_IN_ERECTION_RAW,Location absent in raw erection DPR parsed data,Treat as true missing erection start unless location exists in source DPR under different code/token,0,0,,,,0,0,,,TB 605 - DPR - 2026-05-19.xlsx
TB 605,57/1,,A_TRUE_MISSING_IN_ERECTION_RAW,Location absent in raw erection DPR parsed data,Treat as true missing erection start unless location exists in source DPR under different code/token,0,0,,,,0,0,,,TB 605 - DPR - 2026-05-19.xlsx
TB 605,57/2,,A_TRUE_MISSING_IN_ERECTION_RAW,Location absent in raw erection DPR parsed data,Treat as true missing erection start unless location exists in source DPR under different code/token,0,0,,,,0,0,,,TB 605 - DPR - 2026-05-19.xlsx
TB 605,61/1,,A_TRUE_MISSING_IN_ERECTION_RAW,Location absent in raw erection DPR parsed data,Treat as true missing erection start unless location exists in source DPR under different code/token,0,0,,,,0,0,,,TB 605 - DPR - 2026-05-19.xlsx
TB 605,62/1,,A_TRUE_MISSING_IN_ERECTION_RAW,Location absent in raw erection DPR parsed data,Treat as true missing erection start unless location exists in source DPR under different code/token,0,0,,,,0,0,,,TB 605 - DPR - 2026-05-19.xlsx
TB 605,62/2,,A_TRUE_MISSING_IN_ERECTION_RAW,Location absent in raw erection DPR parsed data,Treat as true missing erection start unless location exists in source DPR under different code/token,0,0,,,,0,0,,,TB 605 - DPR - 2026-05-19.xlsx
TB 605,64/1,,A_TRUE_MISSING_IN_ERECTION_RAW,Location absent in raw erection DPR parsed data,Treat as true missing erection start unless location exists in source DPR under different code/token,0,0,,,,0,0,,,TB 605 - DPR - 2026-05-19.xlsx
TB 605,65/2,,A_TRUE_MISSING_IN_ERECTION_RAW,Location absent in raw erection DPR parsed data,Treat as true missing erection start unless location exists in source DPR under different code/token,0,0,,,,0,0,,,TB 605 - DPR - 2026-05-19.xlsx
TB 605,65/4,,A_TRUE_MISSING_IN_ERECTION_RAW,Location absent in raw erection DPR parsed data,Treat as true missing erection start unless location exists in source DPR under different code/token,0,0,,,,0,0,,,TB 605 - DPR - 2026-05-19.xlsx
TB 605,67/2,,A_TRUE_MISSING_IN_ERECTION_RAW,Location absent in raw erection DPR parsed data,Treat as true missing erection start unless location exists in source DPR under different code/token,0,0,,,,0,0,,,TB 605 - DPR - 2026-05-19.xlsx
TB 605,70/1,,A_TRUE_MISSING_IN_ERECTION_RAW,Location absent in raw erection DPR parsed data,Treat as true missing erection start unless location exists in source DPR under different code/token,0,0,,,,0,0,,,TB 605 - DPR - 2026-05-19.xlsx
TB 605,71/1,,A_TRUE_MISSING_IN_ERECTION_RAW,Location absent in raw erection DPR parsed data,Treat as true missing erection start unless location exists in source DPR under different code/token,0,0,,,,0,0,,,TB 605 - DPR - 2026-05-19.xlsx
TB 605,72/0,,A_TRUE_MISSING_IN_ERECTION_RAW,Location absent in raw erection DPR parsed data,Treat as true missing erection start unless location exists in source DPR under different code/token,0,0,,,,0,0,,,TB 605 - DPR - 2026-05-19.xlsx
TB 605,74/0,,A_TRUE_MISSING_IN_ERECTION_RAW,Location absent in raw erection DPR parsed data,Treat as true missing erection start unless location exists in source DPR under different code/token,0,0,,,,0,0,,,TB 605 - DPR - 2026-05-19.xlsx
TB 605,80/1,,A_TRUE_MISSING_IN_ERECTION_RAW,Location absent in raw erection DPR parsed data,Treat as true missing erection start unless location exists in source DPR under different code/token,0,0,,,,0,0,,,TB 605 - DPR - 2026-05-19.xlsx
TB 605,85/1,,A_TRUE_MISSING_IN_ERECTION_RAW,Location absent in raw erection DPR parsed data,Treat as true missing erection start unless location exists in source DPR under different code/token,0,0,,,,0,0,,,TB 605 - DPR - 2026-05-19.xlsx
TB 605,AP1,,A_TRUE_MISSING_IN_ERECTION_RAW,Location absent in raw erection DPR parsed data,Treat as true missing erection start unless location exists in source DPR under different code/token,0,0,,,,0,0,,,TB 605 - DPR - 2026-05-19.xlsx
TB 605,AP108,,A_TRUE_MISSING_IN_ERECTION_RAW,Location absent in raw erection DPR parsed data,Treat as true missing erection start unless location exists in source DPR under different code/token,0,0,,,,0,0,,,TB 605 - DPR - 2026-05-19.xlsx
TB 605,AP109,,A_TRUE_MISSING_IN_ERECTION_RAW,Location absent in raw erection DPR parsed data,Treat as true missing erection start unless location exists in source DPR under different code/token,0,0,,,,0,0,,,TB 605 - DPR - 2026-05-19.xlsx
TB 605,AP110,,A_TRUE_MISSING_IN_ERECTION_RAW,Location absent in raw erection DPR parsed data,Treat as true missing erection start unless location exists in source DPR under different code/token,0,0,,,,0,0,,,TB 605 - DPR - 2026-05-19.xlsx
TB 605,AP112,,A_TRUE_MISSING_IN_ERECTION_RAW,Location absent in raw erection DPR parsed data,Treat as true missing erection start unless location exists in source DPR under different code/token,0,0,,,,0,0,,,TB 605 - DPR - 2026-05-19.xlsx
TB 605,AP116,,A_TRUE_MISSING_IN_ERECTION_RAW,Location absent in raw erection DPR parsed data,Treat as true missing erection start unless location exists in source DPR under different code/token,0,0,,,,0,0,,,TB 605 - DPR - 2026-05-19.xlsx
TB 605,AP12,,A_TRUE_MISSING_IN_ERECTION_RAW,Location absent in raw erection DPR parsed data,Treat as true missing erection start unless location exists in source DPR under different code/token,0,0,,,,0,0,,,TB 605 - DPR - 2026-05-19.xlsx
TB 605,AP123,,A_TRUE_MISSING_IN_ERECTION_RAW,Location absent in raw erection DPR parsed data,Treat as true missing erection start unless location exists in source DPR under different code/token,0,0,,,,0,0,,,TB 605 - DPR - 2026-05-19.xlsx
TB 605,AP124,,A_TRUE_MISSING_IN_ERECTION_RAW,Location absent in raw erection DPR parsed data,Treat as true missing erection start unless location exists in source DPR under different code/token,0,0,,,,0,0,,,TB 605 - DPR - 2026-05-19.xlsx
TB 605,AP125,,A_TRUE_MISSING_IN_ERECTION_RAW,Location absent in raw erection DPR parsed data,Treat as true missing erection start unless location exists in source DPR under different code/token,0,0,,,,0,0,,,TB 605 - DPR - 2026-05-19.xlsx
TB 605,AP126,,A_TRUE_MISSING_IN_ERECTION_RAW,Location absent in raw erection DPR parsed data,Treat as true missing erection start unless location exists in source DPR under different code/token,0,0,,,,0,0,,,TB 605 - DPR - 2026-05-19.xlsx
TB 605,AP127,,A_TRUE_MISSING_IN_ERECTION_RAW,Location absent in raw erection DPR parsed data,Treat as true missing erection start unless location exists in source DPR under different code/token,0,0,,,,0,0,,,TB 605 - DPR - 2026-05-19.xlsx
TB 605,AP128,,A_TRUE_MISSING_IN_ERECTION_RAW,Location absent in raw erection DPR parsed data,Treat as true missing erection start unless location exists in source DPR under different code/token,0,0,,,,0,0,,,TB 605 - DPR - 2026-05-19.xlsx
TB 605,AP130,,A_TRUE_MISSING_IN_ERECTION_RAW,Location absent in raw erection DPR parsed data,Treat as true missing erection start unless location exists in source DPR under different code/token,0,0,,,,0,0,,,TB 605 - DPR - 2026-05-19.xlsx
TB 605,AP131,,A_TRUE_MISSING_IN_ERECTION_RAW,Location absent in raw erection DPR parsed data,Treat as true missing erection start unless location exists in source DPR under different code/token,0,0,,,,0,0,,,TB 605 - DPR - 2026-05-19.xlsx
TB 605,AP132,,A_TRUE_MISSING_IN_ERECTION_RAW,Location absent in raw erection DPR parsed data,Treat as true missing erection start unless location exists in source DPR under different code/token,0,0,,,,0,0,,,TB 605 - DPR - 2026-05-19.xlsx
TB 605,AP136,,A_TRUE_MISSING_IN_ERECTION_RAW,Location absent in raw erection DPR parsed data,Treat as true missing erection start unless location exists in source DPR under different code/token,0,0,,,,0,0,,,TB 605 - DPR - 2026-05-19.xlsx
TB 605,AP137,,A_TRUE_MISSING_IN_ERECTION_RAW,Location absent in raw erection DPR parsed data,Treat as true missing erection start unless location exists in source DPR under different code/token,0,0,,,,0,0,,,TB 605 - DPR - 2026-05-19.xlsx
TB 605,AP138,,A_TRUE_MISSING_IN_ERECTION_RAW,Location absent in raw erection DPR parsed data,Treat as true missing erection start unless location exists in source DPR under different code/token,0,0,,,,0,0,,,TB 605 - DPR - 2026-05-19.xlsx
TB 605,AP139,,A_TRUE_MISSING_IN_ERECTION_RAW,Location absent in raw erection DPR parsed data,Treat as true missing erection start unless location exists in source DPR under different code/token,0,0,,,,0,0,,,TB 605 - DPR - 2026-05-19.xlsx
TB 605,AP14,,A_TRUE_MISSING_IN_ERECTION_RAW,Location absent in raw erection DPR parsed data,Treat as true missing erection start unless location exists in source DPR under different code/token,0,0,,,,0,0,,,TB 605 - DPR - 2026-05-19.xlsx
TB 605,AP142,,A_TRUE_MISSING_IN_ERECTION_RAW,Location absent in raw erection DPR parsed data,Treat as true missing erection start unless location exists in source DPR under different code/token,0,0,,,,0,0,,,TB 605 - DPR - 2026-05-19.xlsx
TB 605,AP143,,A_TRUE_MISSING_IN_ERECTION_RAW,Location absent in raw erection DPR parsed data,Treat as true missing erection start unless location exists in source DPR under different code/token,0,0,,,,0,0,,,TB 605 - DPR - 2026-05-19.xlsx
TB 605,AP144,,A_TRUE_MISSING_IN_ERECTION_RAW,Location absent in raw erection DPR parsed data,Treat as true missing erection start unless location exists in source DPR under different code/token,0,0,,,,0,0,,,TB 605 - DPR - 2026-05-19.xlsx
TB 605,AP148,,A_TRUE_MISSING_IN_ERECTION_RAW,Location absent in raw erection DPR parsed data,Treat as true missing erection start unless location exists in source DPR under different code/token,0,0,,,,0,0,,,TB 605 - DPR - 2026-05-19.xlsx
TB 605,AP149,,A_TRUE_MISSING_IN_ERECTION_RAW,Location absent in raw erection DPR parsed data,Treat as true missing erection start unless location exists in source DPR under different code/token,0,0,,,,0,0,,,TB 605 - DPR - 2026-05-19.xlsx
TB 605,AP15,,A_TRUE_MISSING_IN_ERECTION_RAW,Location absent in raw erection DPR parsed data,Treat as true missing erection start unless location exists in source DPR under different code/token,0,0,,,,0,0,,,TB 605 - DPR - 2026-05-19.xlsx
TB 605,AP150,,A_TRUE_MISSING_IN_ERECTION_RAW,Location absent in raw erection DPR parsed data,Treat as true missing erection start unless location exists in source DPR under different code/token,0,0,,,,0,0,,,TB 605 - DPR - 2026-05-19.xlsx
TB 605,AP152,,A_TRUE_MISSING_IN_ERECTION_RAW,Location absent in raw erection DPR parsed data,Treat as true missing erection start unless location exists in source DPR under different code/token,0,0,,,,0,0,,,TB 605 - DPR - 2026-05-19.xlsx
TB 605,AP154,,A_TRUE_MISSING_IN_ERECTION_RAW,Location absent in raw erection DPR parsed data,Treat as true missing erection start unless location exists in source DPR under different code/token,0,0,,,,0,0,,,TB 605 - DPR - 2026-05-19.xlsx
TB 605,AP155,,A_TRUE_MISSING_IN_ERECTION_RAW,Location absent in raw erection DPR parsed data,Treat as true missing erection start unless location exists in source DPR under different code/token,0,0,,,,0,0,,,TB 605 - DPR - 2026-05-19.xlsx
TB 605,AP159,,A_TRUE_MISSING_IN_ERECTION_RAW,Location absent in raw erection DPR parsed data,Treat as true missing erection start unless location exists in source DPR under different code/token,0,0,,,,0,0,,,TB 605 - DPR - 2026-05-19.xlsx
TB 605,AP161,,A_TRUE_MISSING_IN_ERECTION_RAW,Location absent in raw erection DPR parsed data,Treat as true missing erection start unless location exists in source DPR under different code/token,0,0,,,,0,0,,,TB 605 - DPR - 2026-05-19.xlsx
TB 605,AP162,,A_TRUE_MISSING_IN_ERECTION_RAW,Location absent in raw erection DPR parsed data,Treat as true missing erection start unless location exists in source DPR under different code/token,0,0,,,,0,0,,,TB 605 - DPR - 2026-05-19.xlsx
TB 605,AP163,,A_TRUE_MISSING_IN_ERECTION_RAW,Location absent in raw erection DPR parsed data,Treat as true missing erection start unless location exists in source DPR under different code/token,0,0,,,,0,0,,,TB 605 - DPR - 2026-05-19.xlsx
TB 605,AP165,,A_TRUE_MISSING_IN_ERECTION_RAW,Location absent in raw erection DPR parsed data,Treat as true missing erection start unless location exists in source DPR under different code/token,0,0,,,,0,0,,,TB 605 - DPR - 2026-05-19.xlsx
TB 605,AP166,,A_TRUE_MISSING_IN_ERECTION_RAW,Location absent in raw erection DPR parsed data,Treat as true missing erection start unless location exists in source DPR under different code/token,0,0,,,,0,0,,,TB 605 - DPR - 2026-05-19.xlsx
TB 605,AP21,,A_TRUE_MISSING_IN_ERECTION_RAW,Location absent in raw erection DPR parsed data,Treat as true missing erection start unless location exists in source DPR under different code/token,0,0,,,,0,0,,,TB 605 - DPR - 2026-05-19.xlsx
TB 605,AP38,,A_TRUE_MISSING_IN_ERECTION_RAW,Location absent in raw erection DPR parsed data,Treat as true missing erection start unless location exists in source DPR under different code/token,0,0,,,,0,0,,,TB 605 - DPR - 2026-05-19.xlsx
TB 605,AP41,,A_TRUE_MISSING_IN_ERECTION_RAW,Location absent in raw erection DPR parsed data,Treat as true missing erection start unless location exists in source DPR under different code/token,0,0,,,,0,0,,,TB 605 - DPR - 2026-05-19.xlsx
TB 605,AP56,,A_TRUE_MISSING_IN_ERECTION_RAW,Location absent in raw erection DPR parsed data,Treat as true missing erection start unless location exists in source DPR under different code/token,0,0,,,,0,0,,,TB 605 - DPR - 2026-05-19.xlsx
TB 605,AP57,,A_TRUE_MISSING_IN_ERECTION_RAW,Location absent in raw erection DPR parsed data,Treat as true missing erection start unless location exists in source DPR under different code/token,0,0,,,,0,0,,,TB 605 - DPR - 2026-05-19.xlsx
TB 605,AP59,,A_TRUE_MISSING_IN_ERECTION_RAW,Location absent in raw erection DPR parsed data,Treat as true missing erection start unless location exists in source DPR under different code/token,0,0,,,,0,0,,,TB 605 - DPR - 2026-05-19.xlsx
TB 605,AP6,,A_TRUE_MISSING_IN_ERECTION_RAW,Location absent in raw erection DPR parsed data,Treat as true missing erection start unless location exists in source DPR under different code/token,0,0,,,,0,0,,,TB 605 - DPR - 2026-05-19.xlsx
TB 605,AP60,,A_TRUE_MISSING_IN_ERECTION_RAW,Location absent in raw erection DPR parsed data,Treat as true missing erection start unless location exists in source DPR under different code/token,0,0,,,,0,0,,,TB 605 - DPR - 2026-05-19.xlsx
TB 605,AP61,,A_TRUE_MISSING_IN_ERECTION_RAW,Location absent in raw erection DPR parsed data,Treat as true missing erection start unless location exists in source DPR under different code/token,0,0,,,,0,0,,,TB 605 - DPR - 2026-05-19.xlsx
TB 605,AP63,,A_TRUE_MISSING_IN_ERECTION_RAW,Location absent in raw erection DPR parsed data,Treat as true missing erection start unless location exists in source DPR under different code/token,0,0,,,,0,0,,,TB 605 - DPR - 2026-05-19.xlsx
TB 605,AP64,,A_TRUE_MISSING_IN_ERECTION_RAW,Location absent in raw erection DPR parsed data,Treat as true missing erection start unless location exists in source DPR under different code/token,0,0,,,,0,0,,,TB 605 - DPR - 2026-05-19.xlsx
TB 605,AP67,,A_TRUE_MISSING_IN_ERECTION_RAW,Location absent in raw erection DPR parsed data,Treat as true missing erection start unless location exists in source DPR under different code/token,0,0,,,,0,0,,,TB 605 - DPR - 2026-05-19.xlsx
TB 605,AP7,,A_TRUE_MISSING_IN_ERECTION_RAW,Location absent in raw erection DPR parsed data,Treat as true missing erection start unless location exists in source DPR under different code/token,0,0,,,,0,0,,,TB 605 - DPR - 2026-05-19.xlsx
TB 605,AP70/3,,A_TRUE_MISSING_IN_ERECTION_RAW,Location absent in raw erection DPR parsed data,Treat as true missing erection start unless location exists in source DPR under different code/token,0,0,,,,0,0,,,TB 605 - DPR - 2026-05-19.xlsx
TB 605,AP71,,A_TRUE_MISSING_IN_ERECTION_RAW,Location absent in raw erection DPR parsed data,Treat as true missing erection start unless location exists in source DPR under different code/token,0,0,,,,0,0,,,TB 605 - DPR - 2026-05-19.xlsx
TB 605,AP82,,A_TRUE_MISSING_IN_ERECTION_RAW,Location absent in raw erection DPR parsed data,Treat as true missing erection start unless location exists in source DPR under different code/token,0,0,,,,0,0,,,TB 605 - DPR - 2026-05-19.xlsx
TB 605,AP86,,A_TRUE_MISSING_IN_ERECTION_RAW,Location absent in raw erection DPR parsed data,Treat as true missing erection start unless location exists in source DPR under different code/token,0,0,,,,0,0,,,TB 605 - DPR - 2026-05-19.xlsx
TB 605,AP87,,A_TRUE_MISSING_IN_ERECTION_RAW,Location absent in raw erection DPR parsed data,Treat as true missing erection start unless location exists in source DPR under different code/token,0,0,,,,0,0,,,TB 605 - DPR - 2026-05-19.xlsx
TB 605,AP91,,A_TRUE_MISSING_IN_ERECTION_RAW,Location absent in raw erection DPR parsed data,Treat as true missing erection start unless location exists in source DPR under different code/token,0,0,,,,0,0,,,TB 605 - DPR - 2026-05-19.xlsx
TB 605,AP92,,A_TRUE_MISSING_IN_ERECTION_RAW,Location absent in raw erection DPR parsed data,Treat as true missing erection start unless location exists in source DPR under different code/token,0,0,,,,0,0,,,TB 605 - DPR - 2026-05-19.xlsx
TA 414,121/8,,B_PRESENT_RAW_NO_START_DATE,Location present in erection raw data but Start Date blank/unparseable,Check DPR entry for start date population/format; no erection start available for delay match,1,0,,121/8,None,0,0,,,TA 414 - DPR - 2026-05-19.xlsx
TA 414,121/9,,B_PRESENT_RAW_NO_START_DATE,Location present in erection raw data but Start Date blank/unparseable,Check DPR entry for start date population/format; no erection start available for delay match,1,0,,121/9,None,0,0,,,TA 414 - DPR - 2026-05-19.xlsx
TA 414,124/2,,B_PRESENT_RAW_NO_START_DATE,Location present in erection raw data but Start Date blank/unparseable,Check DPR entry for start date population/format; no erection start available for delay match,1,0,,124/2,None,0,0,,,TA 414 - DPR - 2026-05-19.xlsx
TA 414,127/2,,B_PRESENT_RAW_NO_START_DATE,Location present in erection raw data but Start Date blank/unparseable,Check DPR entry for start date population/format; no erection start available for delay match,1,0,,127/2,None,0,0,,,TA 414 - DPR - 2026-05-19.xlsx
TA 414,129/0,,B_PRESENT_RAW_NO_START_DATE,Location present in erection raw data but Start Date blank/unparseable,Check DPR entry for start date population/format; no erection start available for delay match,1,0,,129/0,None,0,0,,,TA 414 - DPR - 2026-05-19.xlsx
TA 414,130/0,,B_PRESENT_RAW_NO_START_DATE,Location present in erection raw data but Start Date blank/unparseable,Check DPR entry for start date population/format; no erection start available for delay match,1,0,,130/0,None,0,0,,,TA 414 - DPR - 2026-05-19.xlsx
TA 414,131/0,,B_PRESENT_RAW_NO_START_DATE,Location present in erection raw data but Start Date blank/unparseable,Check DPR entry for start date population/format; no erection start available for delay match,1,0,,131/0,None,0,0,,,TA 414 - DPR - 2026-05-19.xlsx
TA 414,131/1,,B_PRESENT_RAW_NO_START_DATE,Location present in erection raw data but Start Date blank/unparseable,Check DPR entry for start date population/format; no erection start available for delay match,1,0,,131/1,None,0,0,,,TA 414 - DPR - 2026-05-19.xlsx
TA 414,133/1,,B_PRESENT_RAW_NO_START_DATE,Location present in erection raw data but Start Date blank/unparseable,Check DPR entry for start date population/format; no erection start available for delay match,1,0,,133/1,None,0,0,,,TA 414 - DPR - 2026-05-19.xlsx
TA 414,135/0,,B_PRESENT_RAW_NO_START_DATE,Location present in erection raw data but Start Date blank/unparseable,Check DPR entry for start date population/format; no erection start available for delay match,1,0,,135/0,None,0,0,,,TA 414 - DPR - 2026-05-19.xlsx
TA 414,139/3,,B_PRESENT_RAW_NO_START_DATE,Location present in erection raw data but Start Date blank/unparseable,Check DPR entry for start date population/format; no erection start available for delay match,1,0,,139/3,None,0,0,,,TA 414 - DPR - 2026-05-19.xlsx
TA 414,145/1,,B_PRESENT_RAW_NO_START_DATE,Location present in erection raw data but Start Date blank/unparseable,Check DPR entry for start date population/format; no erection start available for delay match,1,0,,145/1,None,0,0,,,TA 414 - DPR - 2026-05-19.xlsx
TA 414,150/0,,B_PRESENT_RAW_NO_START_DATE,Location present in erection raw data but Start Date blank/unparseable,Check DPR entry for start date population/format; no erection start available for delay match,1,0,,150/0,None,0,0,,,TA 414 - DPR - 2026-05-19.xlsx
TA 414,150/1,,B_PRESENT_RAW_NO_START_DATE,Location present in erection raw data but Start Date blank/unparseable,Check DPR entry for start date population/format; no erection start available for delay match,1,0,,150/1,None,0,0,,,TA 414 - DPR - 2026-05-19.xlsx
TA 414,151/0,,B_PRESENT_RAW_NO_START_DATE,Location present in erection raw data but Start Date blank/unparseable,Check DPR entry for start date population/format; no erection start available for delay match,1,0,,151/0,None,0,0,,,TA 414 - DPR - 2026-05-19.xlsx
TA 414,153/1,,B_PRESENT_RAW_NO_START_DATE,Location present in erection raw data but Start Date blank/unparseable,Check DPR entry for start date population/format; no erection start available for delay match,1,0,,153/1,None,0,0,,,TA 414 - DPR - 2026-05-19.xlsx
TA 414,153A/0,,B_PRESENT_RAW_NO_START_DATE,Location present in erection raw data but Start Date blank/unparseable,Check DPR entry for start date population/format; no erection start available for delay match,1,0,,153A/0,None,0,0,,,TA 414 - DPR - 2026-05-19.xlsx
TA 414,155/0,,B_PRESENT_RAW_NO_START_DATE,Location present in erection raw data but Start Date blank/unparseable,Check DPR entry for start date population/format; no erection start available for delay match,1,0,,155/0,None,0,0,,,TA 414 - DPR - 2026-05-19.xlsx
TA 414,156/0,,B_PRESENT_RAW_NO_START_DATE,Location present in erection raw data but Start Date blank/unparseable,Check DPR entry for start date population/format; no erection start available for delay match,1,0,,156/0,None,0,0,,,TA 414 - DPR - 2026-05-19.xlsx
TA 414,156/1,,B_PRESENT_RAW_NO_START_DATE,Location present in erection raw data but Start Date blank/unparseable,Check DPR entry for start date population/format; no erection start available for delay match,1,0,,156/1,None,0,0,,,TA 414 - DPR - 2026-05-19.xlsx
TA 414,159/0,,B_PRESENT_RAW_NO_START_DATE,Location present in erection raw data but Start Date blank/unparseable,Check DPR entry for start date population/format; no erection start available for delay match,1,0,,159/0,None,0,0,,,TA 414 - DPR - 2026-05-19.xlsx
TA 414,162/0,,B_PRESENT_RAW_NO_START_DATE,Location present in erection raw data but Start Date blank/unparseable,Check DPR entry for start date population/format; no erection start available for delay match,1,0,,162/0,None,0,0,,,TA 414 - DPR - 2026-05-19.xlsx
TA 414,163/0,,B_PRESENT_RAW_NO_START_DATE,Location present in erection raw data but Start Date blank/unparseable,Check DPR entry for start date population/format; no erection start available for delay match,1,0,,163/0,None,0,0,,,TA 414 - DPR - 2026-05-19.xlsx
TA 414,164/0,,B_PRESENT_RAW_NO_START_DATE,Location present in erection raw data but Start Date blank/unparseable,Check DPR entry for start date population/format; no erection start available for delay match,1,0,,164/0,None,0,0,,,TA 414 - DPR - 2026-05-19.xlsx
TA 414,165/0,,B_PRESENT_RAW_NO_START_DATE,Location present in erection raw data but Start Date blank/unparseable,Check DPR entry for start date population/format; no erection start available for delay match,1,0,,165/0,None,0,0,,,TA 414 - DPR - 2026-05-19.xlsx
TA 414,165/2,,B_PRESENT_RAW_NO_START_DATE,Location present in erection raw data but Start Date blank/unparseable,Check DPR entry for start date population/format; no erection start available for delay match,1,0,,165/2,None,0,0,,,TA 414 - DPR - 2026-05-19.xlsx
TA 414,165/4,,B_PRESENT_RAW_NO_START_DATE,Location present in erection raw data but Start Date blank/unparseable,Check DPR entry for start date population/format; no erection start available for delay match,1,0,,165/4,None,0,0,,,TA 414 - DPR - 2026-05-19.xlsx
TA 414,165/6,,B_PRESENT_RAW_NO_START_DATE,Location present in erection raw data but Start Date blank/unparseable,Check DPR entry for start date population/format; no erection start available for delay match,1,0,,165/6,None,0,0,,,TA 414 - DPR - 2026-05-19.xlsx
TA 414,165/7,,B_PRESENT_RAW_NO_START_DATE,Location present in erection raw data but Start Date blank/unparseable,Check DPR entry for start date population/format; no erection start available for delay match,1,0,,165/7,None,0,0,,,TA 414 - DPR - 2026-05-19.xlsx
TA 414,168/0,,B_PRESENT_RAW_NO_START_DATE,Location present in erection raw data but Start Date blank/unparseable,Check DPR entry for start date population/format; no erection start available for delay match,1,0,,168/0,None,0,0,,,TA 414 - DPR - 2026-05-19.xlsx
TA 414,169/0,,B_PRESENT_RAW_NO_START_DATE,Location present in erection raw data but Start Date blank/unparseable,Check DPR entry for start date population/format; no erection start available for delay match,1,0,,169/0,None,0,0,,,TA 414 - DPR - 2026-05-19.xlsx
TA 414,170/0,,B_PRESENT_RAW_NO_START_DATE,Location present in erection raw data but Start Date blank/unparseable,Check DPR entry for start date population/format; no erection start available for delay match,1,0,,170/0,None,0,0,,,TA 414 - DPR - 2026-05-19.xlsx
TA 414,172/0,,B_PRESENT_RAW_NO_START_DATE,Location present in erection raw data but Start Date blank/unparseable,Check DPR entry for start date population/format; no erection start available for delay match,1,0,,172/0,None,0,0,,,TA 414 - DPR - 2026-05-19.xlsx
TA 414,173/0,,B_PRESENT_RAW_NO_START_DATE,Location present in erection raw data but Start Date blank/unparseable,Check DPR entry for start date population/format; no erection start available for delay match,1,0,,173/0,None,0,0,,,TA 414 - DPR - 2026-05-19.xlsx
TA 414,180/0,,B_PRESENT_RAW_NO_START_DATE,Location present in erection raw data but Start Date blank/unparseable,Check DPR entry for start date population/format; no erection start available for delay match,1,0,,180/0,None,0,0,,,TA 414 - DPR - 2026-05-19.xlsx
TA 414,188/0,,B_PRESENT_RAW_NO_START_DATE,Location present in erection raw data but Start Date blank/unparseable,Check DPR entry for start date population/format; no erection start available for delay match,1,0,,188/0,None,0,0,,,TA 414 - DPR - 2026-05-19.xlsx
TA 414,189/0,,B_PRESENT_RAW_NO_START_DATE,Location present in erection raw data but Start Date blank/unparseable,Check DPR entry for start date population/format; no erection start available for delay match,1,0,,189/0,None,0,0,,,TA 414 - DPR - 2026-05-19.xlsx
TA 414,193/0,,B_PRESENT_RAW_NO_START_DATE,Location present in erection raw data but Start Date blank/unparseable,Check DPR entry for start date population/format; no erection start available for delay match,1,0,,193/0,None,0,0,,,TA 414 - DPR - 2026-05-19.xlsx
TA 414,194/0,,B_PRESENT_RAW_NO_START_DATE,Location present in erection raw data but Start Date blank/unparseable,Check DPR entry for start date population/format; no erection start available for delay match,1,0,,194/0,None,0,0,,,TA 414 - DPR - 2026-05-19.xlsx
TA 414,195/0,,B_PRESENT_RAW_NO_START_DATE,Location present in erection raw data but Start Date blank/unparseable,Check DPR entry for start date population/format; no erection start available for delay match,1,0,,195/0,None,0,0,,,TA 414 - DPR - 2026-05-19.xlsx
TA 414,200/0,,B_PRESENT_RAW_NO_START_DATE,Location present in erection raw data but Start Date blank/unparseable,Check DPR entry for start date population/format; no erection start available for delay match,1,0,,200/0,None,0,0,,,TA 414 - DPR - 2026-05-19.xlsx
TA 414,201/0,,B_PRESENT_RAW_NO_START_DATE,Location present in erection raw data but Start Date blank/unparseable,Check DPR entry for start date population/format; no erection start available for delay match,1,0,,201/0,None,0,0,,,TA 414 - DPR - 2026-05-19.xlsx
TA 414,203/0,,B_PRESENT_RAW_NO_START_DATE,Location present in erection raw data but Start Date blank/unparseable,Check DPR entry for start date population/format; no erection start available for delay match,1,0,,203/0,None,0,0,,,TA 414 - DPR - 2026-05-19.xlsx
TA 414,203A/0,,B_PRESENT_RAW_NO_START_DATE,Location present in erection raw data but Start Date blank/unparseable,Check DPR entry for start date population/format; no erection start available for delay match,1,0,,203A/0,None,0,0,,,TA 414 - DPR - 2026-05-19.xlsx
TA 414,203B/0,,B_PRESENT_RAW_NO_START_DATE,Location present in erection raw data but Start Date blank/unparseable,Check DPR entry for start date population/format; no erection start available for delay match,1,0,,203B/0,None,0,0,,,TA 414 - DPR - 2026-05-19.xlsx
TA 414,206/0,,B_PRESENT_RAW_NO_START_DATE,Location present in erection raw data but Start Date blank/unparseable,Check DPR entry for start date population/format; no erection start available for delay match,1,0,,206/0,None,0,0,,,TA 414 - DPR - 2026-05-19.xlsx
TA 414,206/1,,B_PRESENT_RAW_NO_START_DATE,Location present in erection raw data but Start Date blank/unparseable,Check DPR entry for start date population/format; no erection start available for delay match,1,0,,206/1,None,0,0,,,TA 414 - DPR - 2026-05-19.xlsx
TA 414,210/0,,B_PRESENT_RAW_NO_START_DATE,Location present in erection raw data but Start Date blank/unparseable,Check DPR entry for start date population/format; no erection start available for delay match,1,0,,210/0,None,0,0,,,TA 414 - DPR - 2026-05-19.xlsx
TA 414,211/0,,B_PRESENT_RAW_NO_START_DATE,Location present in erection raw data but Start Date blank/unparseable,Check DPR entry for start date population/format; no erection start available for delay match,1,0,,211/0,None,0,0,,,TA 414 - DPR - 2026-05-19.xlsx
TA 414,211/4,,B_PRESENT_RAW_NO_START_DATE,Location present in erection raw data but Start Date blank/unparseable,Check DPR entry for start date population/format; no erection start available for delay match,1,0,,211/4,None,0,0,,,TA 414 - DPR - 2026-05-19.xlsx
TA 414,212/0,,B_PRESENT_RAW_NO_START_DATE,Location present in erection raw data but Start Date blank/unparseable,Check DPR entry for start date population/format; no erection start available for delay match,1,0,,212/0,None,0,0,,,TA 414 - DPR - 2026-05-19.xlsx
TA 414,213/0,,B_PRESENT_RAW_NO_START_DATE,Location present in erection raw data but Start Date blank/unparseable,Check DPR entry for start date population/format; no erection start available for delay match,1,0,,213/0,None,0,0,,,TA 414 - DPR - 2026-05-19.xlsx
TA 414,214/0,,B_PRESENT_RAW_NO_START_DATE,Location present in erection raw data but Start Date blank/unparseable,Check DPR entry for start date population/format; no erection start available for delay match,1,0,,214/0,None,0,0,,,TA 414 - DPR - 2026-05-19.xlsx
TA 414,216/1,,B_PRESENT_RAW_NO_START_DATE,Location present in erection raw data but Start Date blank/unparseable,Check DPR entry for start date population/format; no erection start available for delay match,1,0,,216/1,None,0,0,,,TA 414 - DPR - 2026-05-19.xlsx
TA 414,216/2,,B_PRESENT_RAW_NO_START_DATE,Location present in erection raw data but Start Date blank/unparseable,Check DPR entry for start date population/format; no erection start available for delay match,1,0,,216/2,None,0,0,,,TA 414 - DPR - 2026-05-19.xlsx
TA 414,216/3,,B_PRESENT_RAW_NO_START_DATE,Location present in erection raw data but Start Date blank/unparseable,Check DPR entry for start date population/format; no erection start available for delay match,1,0,,216/3,None,0,0,,,TA 414 - DPR - 2026-05-19.xlsx
TA 414,217/0,,B_PRESENT_RAW_NO_START_DATE,Location present in erection raw data but Start Date blank/unparseable,Check DPR entry for start date population/format; no erection start available for delay match,1,0,,217/0,None,0,0,,,TA 414 - DPR - 2026-05-19.xlsx
TA 414,217/1,,B_PRESENT_RAW_NO_START_DATE,Location present in erection raw data but Start Date blank/unparseable,Check DPR entry for start date population/format; no erection start available for delay match,1,0,,217/1,None,0,0,,,TA 414 - DPR - 2026-05-19.xlsx
TA 414,217/5,,B_PRESENT_RAW_NO_START_DATE,Location present in erection raw data but Start Date blank/unparseable,Check DPR entry for start date population/format; no erection start available for delay match,1,0,,217/5,None,0,0,,,TA 414 - DPR - 2026-05-19.xlsx
TA 414,219/0,,B_PRESENT_RAW_NO_START_DATE,Location present in erection raw data but Start Date blank/unparseable,Check DPR entry for start date population/format; no erection start available for delay match,1,0,,219/0,None,0,0,,,TA 414 - DPR - 2026-05-19.xlsx
TA 414,219/1,,B_PRESENT_RAW_NO_START_DATE,Location present in erection raw data but Start Date blank/unparseable,Check DPR entry for start date population/format; no erection start available for delay match,1,0,,219/1,None,0,0,,,TA 414 - DPR - 2026-05-19.xlsx
TA 414,221/0,,B_PRESENT_RAW_NO_START_DATE,Location present in erection raw data but Start Date blank/unparseable,Check DPR entry for start date population/format; no erection start available for delay match,1,0,,221/0,None,0,0,,,TA 414 - DPR - 2026-05-19.xlsx
TA 414,223/2,,B_PRESENT_RAW_NO_START_DATE,Location present in erection raw data but Start Date blank/unparseable,Check DPR entry for start date population/format; no erection start available for delay match,1,0,,223/2,None,0,0,,,TA 414 - DPR - 2026-05-19.xlsx
TA 414,224/0,,B_PRESENT_RAW_NO_START_DATE,Location present in erection raw data but Start Date blank/unparseable,Check DPR entry for start date population/format; no erection start available for delay match,1,0,,224/0,None,0,0,,,TA 414 - DPR - 2026-05-19.xlsx
TA 414,225/1,,B_PRESENT_RAW_NO_START_DATE,Location present in erection raw data but Start Date blank/unparseable,Check DPR entry for start date population/format; no erection start available for delay match,1,0,,225/1,None,0,0,,,TA 414 - DPR - 2026-05-19.xlsx
TA 414,225/2,,B_PRESENT_RAW_NO_START_DATE,Location present in erection raw data but Start Date blank/unparseable,Check DPR entry for start date population/format; no erection start available for delay match,1,0,,225/2,None,0,0,,,TA 414 - DPR - 2026-05-19.xlsx
TA 414,225/3,,B_PRESENT_RAW_NO_START_DATE,Location present in erection raw data but Start Date blank/unparseable,Check DPR entry for start date population/format; no erection start available for delay match,1,0,,225/3,None,0,0,,,TA 414 - DPR - 2026-05-19.xlsx
TA 414,225/4,,B_PRESENT_RAW_NO_START_DATE,Location present in erection raw data but Start Date blank/unparseable,Check DPR entry for start date population/format; no erection start available for delay match,1,0,,225/4,None,0,0,,,TA 414 - DPR - 2026-05-19.xlsx
TA 414,225/5,,B_PRESENT_RAW_NO_START_DATE,Location present in erection raw data but Start Date blank/unparseable,Check DPR entry for start date population/format; no erection start available for delay match,1,0,,225/5,None,0,0,,,TA 414 - DPR - 2026-05-19.xlsx
TA 414,225/6,,B_PRESENT_RAW_NO_START_DATE,Location present in erection raw data but Start Date blank/unparseable,Check DPR entry for start date population/format; no erection start available for delay match,1,0,,225/6,None,0,0,,,TA 414 - DPR - 2026-05-19.xlsx
TA 414,225/7,,B_PRESENT_RAW_NO_START_DATE,Location present in erection raw data but Start Date blank/unparseable,Check DPR entry for start date population/format; no erection start available for delay match,1,0,,225/7,None,0,0,,,TA 414 - DPR - 2026-05-19.xlsx
TA 414,228/0,,B_PRESENT_RAW_NO_START_DATE,Location present in erection raw data but Start Date blank/unparseable,Check DPR entry for start date population/format; no erection start available for delay match,1,0,,228/0,None,0,0,,,TA 414 - DPR - 2026-05-19.xlsx
TA 414,229/0,,B_PRESENT_RAW_NO_START_DATE,Location present in erection raw data but Start Date blank/unparseable,Check DPR entry for start date population/format; no erection start available for delay match,1,0,,229/0,None,0,0,,,TA 414 - DPR - 2026-05-19.xlsx
TA 414,229A/0,,B_PRESENT_RAW_NO_START_DATE,Location present in erection raw data but Start Date blank/unparseable,Check DPR entry for start date population/format; no erection start available for delay match,1,0,,229A/0,None,0,0,,,TA 414 - DPR - 2026-05-19.xlsx
TA 414,229B/0,,B_PRESENT_RAW_NO_START_DATE,Location present in erection raw data but Start Date blank/unparseable,Check DPR entry for start date population/format; no erection start available for delay match,1,0,,229B/0,None,0,0,,,TA 414 - DPR - 2026-05-19.xlsx
TA 414,230/1,,B_PRESENT_RAW_NO_START_DATE,Location present in erection raw data but Start Date blank/unparseable,Check DPR entry for start date population/format; no erection start available for delay match,1,0,,230/1,None,0,0,,,TA 414 - DPR - 2026-05-19.xlsx
TA 414,230A/0,,B_PRESENT_RAW_NO_START_DATE,Location present in erection raw data but Start Date blank/unparseable,Check DPR entry for start date population/format; no erection start available for delay match,1,0,,230A/0,None,0,0,,,TA 414 - DPR - 2026-05-19.xlsx
TA 414,231/0,,B_PRESENT_RAW_NO_START_DATE,Location present in erection raw data but Start Date blank/unparseable,Check DPR entry for start date population/format; no erection start available for delay match,1,0,,231/0,None,0,0,,,TA 414 - DPR - 2026-05-19.xlsx
TA 414,232/0,,B_PRESENT_RAW_NO_START_DATE,Location present in erection raw data but Start Date blank/unparseable,Check DPR entry for start date population/format; no erection start available for delay match,1,0,,232/0,None,0,0,,,TA 414 - DPR - 2026-05-19.xlsx
TA 414,232/2,,B_PRESENT_RAW_NO_START_DATE,Location present in erection raw data but Start Date blank/unparseable,Check DPR entry for start date population/format; no erection start available for delay match,1,0,,232/2,None,0,0,,,TA 414 - DPR - 2026-05-19.xlsx
TA 414,232/3,,B_PRESENT_RAW_NO_START_DATE,Location present in erection raw data but Start Date blank/unparseable,Check DPR entry for start date population/format; no erection start available for delay match,1,0,,232/3,None,0,0,,,TA 414 - DPR - 2026-05-19.xlsx
TA 414,232/4,,B_PRESENT_RAW_NO_START_DATE,Location present in erection raw data but Start Date blank/unparseable,Check DPR entry for start date population/format; no erection start available for delay match,1,0,,232/4,None,0,0,,,TA 414 - DPR - 2026-05-19.xlsx
TA 414,233/0,,B_PRESENT_RAW_NO_START_DATE,Location present in erection raw data but Start Date blank/unparseable,Check DPR entry for start date population/format; no erection start available for delay match,1,0,,233/0,None,0,0,,,TA 414 - DPR - 2026-05-19.xlsx
TA 414,234/0,,B_PRESENT_RAW_NO_START_DATE,Location present in erection raw data but Start Date blank/unparseable,Check DPR entry for start date population/format; no erection start available for delay match,1,0,,234/0,None,0,0,,,TA 414 - DPR - 2026-05-19.xlsx
TA 414,235/0,,B_PRESENT_RAW_NO_START_DATE,Location present in erection raw data but Start Date blank/unparseable,Check DPR entry for start date population/format; no erection start available for delay match,1,0,,235/0,None,0,0,,,TA 414 - DPR - 2026-05-19.xlsx
TA 414,235/1,,B_PRESENT_RAW_NO_START_DATE,Location present in erection raw data but Start Date blank/unparseable,Check DPR entry for start date population/format; no erection start available for delay match,1,0,,235/1,None,0,0,,,TA 414 - DPR - 2026-05-19.xlsx
TA 414,235/4,,B_PRESENT_RAW_NO_START_DATE,Location present in erection raw data but Start Date blank/unparseable,Check DPR entry for start date population/format; no erection start available for delay match,1,0,,235/4,None,0,0,,,TA 414 - DPR - 2026-05-19.xlsx
TA 414,236/0,,B_PRESENT_RAW_NO_START_DATE,Location present in erection raw data but Start Date blank/unparseable,Check DPR entry for start date population/format; no erection start available for delay match,1,0,,236/0,None,0,0,,,TA 414 - DPR - 2026-05-19.xlsx
TA 414,237/0,,B_PRESENT_RAW_NO_START_DATE,Location present in erection raw data but Start Date blank/unparseable,Check DPR entry for start date population/format; no erection start available for delay match,1,0,,237/0,None,0,0,,,TA 414 - DPR - 2026-05-19.xlsx
TA 414,238/0,,B_PRESENT_RAW_NO_START_DATE,Location present in erection raw data but Start Date blank/unparseable,Check DPR entry for start date population/format; no erection start available for delay match,1,0,,238/0,None,0,0,,,TA 414 - DPR - 2026-05-19.xlsx
TA 414,243/3,,B_PRESENT_RAW_NO_START_DATE,Location present in erection raw data but Start Date blank/unparseable,Check DPR entry for start date population/format; no erection start available for delay match,1,0,,243/3,None,0,0,,,TA 414 - DPR - 2026-05-19.xlsx
TA 414,244/0,,B_PRESENT_RAW_NO_START_DATE,Location present in erection raw data but Start Date blank/unparseable,Check DPR entry for start date population/format; no erection start available for delay match,1,0,,244/0,None,0,0,,,TA 414 - DPR - 2026-05-19.xlsx
TA 414,244/3,,B_PRESENT_RAW_NO_START_DATE,Location present in erection raw data but Start Date blank/unparseable,Check DPR entry for start date population/format; no erection start available for delay match,1,0,,244/3,None,0,0,,,TA 414 - DPR - 2026-05-19.xlsx
TA 414,248/0,,B_PRESENT_RAW_NO_START_DATE,Location present in erection raw data but Start Date blank/unparseable,Check DPR entry for start date population/format; no erection start available for delay match,1,0,,248/0,None,0,0,,,TA 414 - DPR - 2026-05-19.xlsx
TA 414,249/0,,B_PRESENT_RAW_NO_START_DATE,Location present in erection raw data but Start Date blank/unparseable,Check DPR entry for start date population/format; no erection start available for delay match,1,0,,249/0,None,0,0,,,TA 414 - DPR - 2026-05-19.xlsx
TA 414,249/1,,B_PRESENT_RAW_NO_START_DATE,Location present in erection raw data but Start Date blank/unparseable,Check DPR entry for start date population/format; no erection start available for delay match,1,0,,249/1,None,0,0,,,TA 414 - DPR - 2026-05-19.xlsx
TA 414,249/2,,B_PRESENT_RAW_NO_START_DATE,Location present in erection raw data but Start Date blank/unparseable,Check DPR entry for start date population/format; no erection start available for delay match,1,0,,249/2,None,0,0,,,TA 414 - DPR - 2026-05-19.xlsx
TA 414,250/0,,B_PRESENT_RAW_NO_START_DATE,Location present in erection raw data but Start Date blank/unparseable,Check DPR entry for start date population/format; no erection start available for delay match,1,0,,250/0,None,0,0,,,TA 414 - DPR - 2026-05-19.xlsx
TA 414,250/1,,B_PRESENT_RAW_NO_START_DATE,Location present in erection raw data but Start Date blank/unparseable,Check DPR entry for start date population/format; no erection start available for delay match,1,0,,250/1,None,0,0,,,TA 414 - DPR - 2026-05-19.xlsx
TA 414,255/1,,B_PRESENT_RAW_NO_START_DATE,Location present in erection raw data but Start Date blank/unparseable,Check DPR entry for start date population/format; no erection start available for delay match,1,0,,255/1,None,0,0,,,TA 414 - DPR - 2026-05-19.xlsx
TA 414,256/1,,B_PRESENT_RAW_NO_START_DATE,Location present in erection raw data but Start Date blank/unparseable,Check DPR entry for start date population/format; no erection start available for delay match,1,0,,256/1,None,0,0,,,TA 414 - DPR - 2026-05-19.xlsx
TA 414,257/0,,B_PRESENT_RAW_NO_START_DATE,Location present in erection raw data but Start Date blank/unparseable,Check DPR entry for start date population/format; no erection start available for delay match,1,0,,257/0,None,0,0,,,TA 414 - DPR - 2026-05-19.xlsx
TA 418,46/1,,B_PRESENT_RAW_NO_START_DATE,Location present in erection raw data but Start Date blank/unparseable,Check DPR entry for start date population/format; no erection start available for delay match,1,0,,46/1,None,0,0,,,TA 418 - DPR - 2026-05-17.xlsx
TA 418,59/1,,B_PRESENT_RAW_NO_START_DATE,Location present in erection raw data but Start Date blank/unparseable,Check DPR entry for start date population/format; no erection start available for delay match,1,0,,59/1,None,0,0,,,TA 418 - DPR - 2026-05-17.xlsx
TA 419,15/0,,B_PRESENT_RAW_NO_START_DATE,Location present in erection raw data but Start Date blank/unparseable,Check DPR entry for start date population/format; no erection start available for delay match,1,0,,15/0,None,0,0,,,TA 419 - DPR - 2026-05-18.xlsx
TA 419,32/0,,B_PRESENT_RAW_NO_START_DATE,Location present in erection raw data but Start Date blank/unparseable,Check DPR entry for start date population/format; no erection start available for delay match,1,0,,32/0,None,0,0,,,TA 419 - DPR - 2026-05-18.xlsx
TA 419,36/3,,B_PRESENT_RAW_NO_START_DATE,Location present in erection raw data but Start Date blank/unparseable,Check DPR entry for start date population/format; no erection start available for delay match,1,0,,36/3,None,0,0,,,TA 419 - DPR - 2026-05-18.xlsx
TA 419,36/9,,B_PRESENT_RAW_NO_START_DATE,Location present in erection raw data but Start Date blank/unparseable,Check DPR entry for start date population/format; no erection start available for delay match,1,0,,36/9,None,0,0,,,TA 419 - DPR - 2026-05-18.xlsx
TA 419,37/0,,B_PRESENT_RAW_NO_START_DATE,Location present in erection raw data but Start Date blank/unparseable,Check DPR entry for start date population/format; no erection start available for delay match,1,0,,37/0,None,0,0,,,TA 419 - DPR - 2026-05-18.xlsx
TA 419,38/1,,B_PRESENT_RAW_NO_START_DATE,Location present in erection raw data but Start Date blank/unparseable,Check DPR entry for start date population/format; no erection start available for delay match,1,0,,38/1,None,0,0,,,TA 419 - DPR - 2026-05-18.xlsx
TA 419,38/2,,B_PRESENT_RAW_NO_START_DATE,Location present in erection raw data but Start Date blank/unparseable,Check DPR entry for start date population/format; no erection start available for delay match,1,0,,38/2,None,0,0,,,TA 419 - DPR - 2026-05-18.xlsx
TA 419,38/3,,B_PRESENT_RAW_NO_START_DATE,Location present in erection raw data but Start Date blank/unparseable,Check DPR entry for start date population/format; no erection start available for delay match,1,0,,38/3,None,0,0,,,TA 419 - DPR - 2026-05-18.xlsx
TA 419,38/4,,B_PRESENT_RAW_NO_START_DATE,Location present in erection raw data but Start Date blank/unparseable,Check DPR entry for start date population/format; no erection start available for delay match,1,0,,38/4,None,0,0,,,TA 419 - DPR - 2026-05-18.xlsx
TA 419,39/0,,B_PRESENT_RAW_NO_START_DATE,Location present in erection raw data but Start Date blank/unparseable,Check DPR entry for start date population/format; no erection start available for delay match,1,0,,39/0,None,0,0,,,TA 419 - DPR - 2026-05-18.xlsx
TA 419,41/0,,B_PRESENT_RAW_NO_START_DATE,Location present in erection raw data but Start Date blank/unparseable,Check DPR entry for start date population/format; no erection start available for delay match,1,0,,41/0,None,0,0,,,TA 419 - DPR - 2026-05-18.xlsx
TA 419,41/2,,B_PRESENT_RAW_NO_START_DATE,Location present in erection raw data but Start Date blank/unparseable,Check DPR entry for start date population/format; no erection start available for delay match,1,0,,41/2,None,0,0,,,TA 419 - DPR - 2026-05-18.xlsx
TA 419,43/1,,B_PRESENT_RAW_NO_START_DATE,Location present in erection raw data but Start Date blank/unparseable,Check DPR entry for start date population/format; no erection start available for delay match,1,0,,43/1,None,0,0,,,TA 419 - DPR - 2026-05-18.xlsx
TA 419,43/2,,B_PRESENT_RAW_NO_START_DATE,Location present in erection raw data but Start Date blank/unparseable,Check DPR entry for start date population/format; no erection start available for delay match,1,0,,43/2,None,0,0,,,TA 419 - DPR - 2026-05-18.xlsx
TA 419,46/0,,B_PRESENT_RAW_NO_START_DATE,Location present in erection raw data but Start Date blank/unparseable,Check DPR entry for start date population/format; no erection start available for delay match,1,0,,46/0,None,0,0,,,TA 419 - DPR - 2026-05-18.xlsx
TA 419,52/0,,B_PRESENT_RAW_NO_START_DATE,Location present in erection raw data but Start Date blank/unparseable,Check DPR entry for start date population/format; no erection start available for delay match,1,0,,52/0,None,0,0,,,TA 419 - DPR - 2026-05-18.xlsx
TA 419,52/1,,B_PRESENT_RAW_NO_START_DATE,Location present in erection raw data but Start Date blank/unparseable,Check DPR entry for start date population/format; no erection start available for delay match,1,0,,52/1,None,0,0,,,TA 419 - DPR - 2026-05-18.xlsx
TA 419,53/0,,B_PRESENT_RAW_NO_START_DATE,Location present in erection raw data but Start Date blank/unparseable,Check DPR entry for start date population/format; no erection start available for delay match,1,0,,53/0,None,0,0,,,TA 419 - DPR - 2026-05-18.xlsx
TA 419,54/0,,B_PRESENT_RAW_NO_START_DATE,Location present in erection raw data but Start Date blank/unparseable,Check DPR entry for start date population/format; no erection start available for delay match,1,0,,54/0,None,0,0,,,TA 419 - DPR - 2026-05-18.xlsx
TA 419,59/0,,B_PRESENT_RAW_NO_START_DATE,Location present in erection raw data but Start Date blank/unparseable,Check DPR entry for start date population/format; no erection start available for delay match,1,0,,59/0,None,0,0,,,TA 419 - DPR - 2026-05-18.xlsx
TA 419,60/0,,B_PRESENT_RAW_NO_START_DATE,Location present in erection raw data but Start Date blank/unparseable,Check DPR entry for start date population/format; no erection start available for delay match,1,0,,60/0,None,0,0,,,TA 419 - DPR - 2026-05-18.xlsx
TA 419,63/5,,B_PRESENT_RAW_NO_START_DATE,Location present in erection raw data but Start Date blank/unparseable,Check DPR entry for start date population/format; no erection start available for delay match,1,0,,63/5,None,0,0,,,TA 419 - DPR - 2026-05-18.xlsx
TA 419,63B/6,,B_PRESENT_RAW_NO_START_DATE,Location present in erection raw data but Start Date blank/unparseable,Check DPR entry for start date population/format; no erection start available for delay match,1,0,,63B/6,None,0,0,,,TA 419 - DPR - 2026-05-18.xlsx
TA 419,64/0,,B_PRESENT_RAW_NO_START_DATE,Location present in erection raw data but Start Date blank/unparseable,Check DPR entry for start date population/format; no erection start available for delay match,1,0,,64/0,None,0,0,,,TA 419 - DPR - 2026-05-18.xlsx
TA 419,64/4,,B_PRESENT_RAW_NO_START_DATE,Location present in erection raw data but Start Date blank/unparseable,Check DPR entry for start date population/format; no erection start available for delay match,1,0,,64/4,None,0,0,,,TA 419 - DPR - 2026-05-18.xlsx
TA 419,65/0,,B_PRESENT_RAW_NO_START_DATE,Location present in erection raw data but Start Date blank/unparseable,Check DPR entry for start date population/format; no erection start available for delay match,1,0,,65/0,None,0,0,,,TA 419 - DPR - 2026-05-18.xlsx
TA 419,66/0,,B_PRESENT_RAW_NO_START_DATE,Location present in erection raw data but Start Date blank/unparseable,Check DPR entry for start date population/format; no erection start available for delay match,1,0,,66/0,None,0,0,,,TA 419 - DPR - 2026-05-18.xlsx
TA 419,66/1,,B_PRESENT_RAW_NO_START_DATE,Location present in erection raw data but Start Date blank/unparseable,Check DPR entry for start date population/format; no erection start available for delay match,1,0,,66/1,None,0,0,,,TA 419 - DPR - 2026-05-18.xlsx
TA 419,67/0,,B_PRESENT_RAW_NO_START_DATE,Location present in erection raw data but Start Date blank/unparseable,Check DPR entry for start date population/format; no erection start available for delay match,1,0,,67/0,None,0,0,,,TA 419 - DPR - 2026-05-18.xlsx
TA 419,68/0,,B_PRESENT_RAW_NO_START_DATE,Location present in erection raw data but Start Date blank/unparseable,Check DPR entry for start date population/format; no erection start available for delay match,1,0,,68/0,None,0,0,,,TA 419 - DPR - 2026-05-18.xlsx
TA 419,69/0,,B_PRESENT_RAW_NO_START_DATE,Location present in erection raw data but Start Date blank/unparseable,Check DPR entry for start date population/format; no erection start available for delay match,1,0,,69/0,None,0,0,,,TA 419 - DPR - 2026-05-18.xlsx
TA 419,70/0,,B_PRESENT_RAW_NO_START_DATE,Location present in erection raw data but Start Date blank/unparseable,Check DPR entry for start date population/format; no erection start available for delay match,1,0,,70/0,None,0,0,,,TA 419 - DPR - 2026-05-18.xlsx
TA 419,71/0,,B_PRESENT_RAW_NO_START_DATE,Location present in erection raw data but Start Date blank/unparseable,Check DPR entry for start date population/format; no erection start available for delay match,1,0,,71/0,None,0,0,,,TA 419 - DPR - 2026-05-18.xlsx
TA 419,72/0,,B_PRESENT_RAW_NO_START_DATE,Location present in erection raw data but Start Date blank/unparseable,Check DPR entry for start date population/format; no erection start available for delay match,1,0,,72/0,None,0,0,,,TA 419 - DPR - 2026-05-18.xlsx
TA 419,73/0,,B_PRESENT_RAW_NO_START_DATE,Location present in erection raw data but Start Date blank/unparseable,Check DPR entry for start date population/format; no erection start available for delay match,1,0,,73/0,None,0,0,,,TA 419 - DPR - 2026-05-18.xlsx
TA 419,75/0,,B_PRESENT_RAW_NO_START_DATE,Location present in erection raw data but Start Date blank/unparseable,Check DPR entry for start date population/format; no erection start available for delay match,1,0,,75/0,None,0,0,,,TA 419 - DPR - 2026-05-18.xlsx
TA 419,76/0,,B_PRESENT_RAW_NO_START_DATE,Location present in erection raw data but Start Date blank/unparseable,Check DPR entry for start date population/format; no erection start available for delay match,1,0,,76/0,None,0,0,,,TA 419 - DPR - 2026-05-18.xlsx
TA 419,76/1,,B_PRESENT_RAW_NO_START_DATE,Location present in erection raw data but Start Date blank/unparseable,Check DPR entry for start date population/format; no erection start available for delay match,1,0,,76/1,None,0,0,,,TA 419 - DPR - 2026-05-18.xlsx
TA 419,76/2,,B_PRESENT_RAW_NO_START_DATE,Location present in erection raw data but Start Date blank/unparseable,Check DPR entry for start date population/format; no erection start available for delay match,1,0,,76/2,None,0,0,,,TA 419 - DPR - 2026-05-18.xlsx
TA 419,77/0,,B_PRESENT_RAW_NO_START_DATE,Location present in erection raw data but Start Date blank/unparseable,Check DPR entry for start date population/format; no erection start available for delay match,1,0,,77/0,None,0,0,,,TA 419 - DPR - 2026-05-18.xlsx
TA 419,78/3,,B_PRESENT_RAW_NO_START_DATE,Location present in erection raw data but Start Date blank/unparseable,Check DPR entry for start date population/format; no erection start available for delay match,1,0,,78/3,None,0,0,,,TA 419 - DPR - 2026-05-18.xlsx
TA 419,78A/0,,B_PRESENT_RAW_NO_START_DATE,Location present in erection raw data but Start Date blank/unparseable,Check DPR entry for start date population/format; no erection start available for delay match,1,0,,78A/0,None,0,0,,,TA 419 - DPR - 2026-05-18.xlsx
TA 419,8/0,,B_PRESENT_RAW_NO_START_DATE,Location present in erection raw data but Start Date blank/unparseable,Check DPR entry for start date population/format; no erection start available for delay match,1,0,,8/0,None,0,0,,,TA 419 - DPR - 2026-05-18.xlsx
TA 419,80/0,,B_PRESENT_RAW_NO_START_DATE,Location present in erection raw data but Start Date blank/unparseable,Check DPR entry for start date population/format; no erection start available for delay match,1,0,,80/0,None,0,0,,,TA 419 - DPR - 2026-05-18.xlsx
TA 419,82/0,,B_PRESENT_RAW_NO_START_DATE,Location present in erection raw data but Start Date blank/unparseable,Check DPR entry for start date population/format; no erection start available for delay match,1,0,,82/0,None,0,0,,,TA 419 - DPR - 2026-05-18.xlsx
TA 419,83/9,,B_PRESENT_RAW_NO_START_DATE,Location present in erection raw data but Start Date blank/unparseable,Check DPR entry for start date population/format; no erection start available for delay match,1,0,,83/9,None,0,0,,,TA 419 - DPR - 2026-05-18.xlsx
TA 419,84/2,,B_PRESENT_RAW_NO_START_DATE,Location present in erection raw data but Start Date blank/unparseable,Check DPR entry for start date population/format; no erection start available for delay match,1,0,,84/2,None,0,0,,,TA 419 - DPR - 2026-05-18.xlsx
TA 419,87/1,,B_PRESENT_RAW_NO_START_DATE,Location present in erection raw data but Start Date blank/unparseable,Check DPR entry for start date population/format; no erection start available for delay match,1,0,,87/1,None,0,0,,,TA 419 - DPR - 2026-05-18.xlsx
TA 419,87/2,,B_PRESENT_RAW_NO_START_DATE,Location present in erection raw data but Start Date blank/unparseable,Check DPR entry for start date population/format; no erection start available for delay match,1,0,,87/2,None,0,0,,,TA 419 - DPR - 2026-05-18.xlsx
TA 419,93B/0,,B_PRESENT_RAW_NO_START_DATE,Location present in erection raw data but Start Date blank/unparseable,Check DPR entry for start date population/format; no erection start available for delay match,1,0,,93B/0,None,0,0,,,TA 419 - DPR - 2026-05-18.xlsx
TA 419,95A/0,,B_PRESENT_RAW_NO_START_DATE,Location present in erection raw data but Start Date blank/unparseable,Check DPR entry for start date population/format; no erection start available for delay match,1,0,,95A/0,None,0,0,,,TA 419 - DPR - 2026-05-18.xlsx
TA 419,96/0,,B_PRESENT_RAW_NO_START_DATE,Location present in erection raw data but Start Date blank/unparseable,Check DPR entry for start date population/format; no erection start available for delay match,1,0,,96/0,None,0,0,,,TA 419 - DPR - 2026-05-18.xlsx
TA 421,4/16,,B_PRESENT_RAW_NO_START_DATE,Location present in erection raw data but Start Date blank/unparseable,Check DPR entry for start date population/format; no erection start available for delay match,1,0,,4/16,None,0,0,,,TA 421 - DPR - 2026-05-18.xlsx
TA 421,8/11,,B_PRESENT_RAW_NO_START_DATE,Location present in erection raw data but Start Date blank/unparseable,Check DPR entry for start date population/format; no erection start available for delay match,1,0,,8/11,None,0,0,,,TA 421 - DPR - 2026-05-18.xlsx
TA 505,171/10,,B_PRESENT_RAW_NO_START_DATE,Location present in erection raw data but Start Date blank/unparseable,Check DPR entry for start date population/format; no erection start available for delay match,1,0,,171/10,None,0,0,,,TA 505 - DPR - 2026-05-19.xlsx
TA 509,41/3,,B_PRESENT_RAW_NO_START_DATE,Location present in erection raw data but Start Date blank/unparseable,Check DPR entry for start date population/format; no erection start available for delay match,1,0,,41/3,None,0,0,,,TA 509 - DPR - 2026-05-18.xlsx
TA 509,49/2,,B_PRESENT_RAW_NO_START_DATE,Location present in erection raw data but Start Date blank/unparseable,Check DPR entry for start date population/format; no erection start available for delay match,1,0,,49/2,None,0,0,,,TA 509 - DPR - 2026-05-18.xlsx
TA 602,126/10,,B_PRESENT_RAW_NO_START_DATE,Location present in erection raw data but Start Date blank/unparseable,Check DPR entry for start date population/format; no erection start available for delay match,1,0,,126/10,None,0,0,,,TA 602 - DPR - 2026-05-18.xlsx
TB 501,34/0 (New),,B_PRESENT_RAW_NO_START_DATE,Location present in erection raw data but Start Date blank/unparseable,Check DPR entry for start date population/format; no erection start available for delay match,1,0,,34/0 (New),220kV,0,0,,,TB 501 - DPR - 2026-05-19.xlsx
TA 419,13/0,,C_PRESENT_RAW_WITH_START_DROPPED_IN_DAILY,Raw row has start date but missing from expanded daily dataset (pipeline drop),Review expansion/ingest filters for this project/location in erection pipeline,1,1,2026-05-10,13/0,None,0,0,,,TA 419 - DPR - 2026-05-18.xlsx
TA 419,14/1,,C_PRESENT_RAW_WITH_START_DROPPED_IN_DAILY,Raw row has start date but missing from expanded daily dataset (pipeline drop),Review expansion/ingest filters for this project/location in erection pipeline,1,1,2026-05-13,14/1,None,0,0,,,TA 419 - DPR - 2026-05-18.xlsx
TA 419,36/4,,C_PRESENT_RAW_WITH_START_DROPPED_IN_DAILY,Raw row has start date but missing from expanded daily dataset (pipeline drop),Review expansion/ingest filters for this project/location in erection pipeline,1,1,2026-01-02,36/4,None,0,0,,,TA 419 - DPR - 2026-05-18.xlsx
TA 419,40/8,,C_PRESENT_RAW_WITH_START_DROPPED_IN_DAILY,Raw row has start date but missing from expanded daily dataset (pipeline drop),Review expansion/ingest filters for this project/location in erection pipeline,1,1,2026-05-10,40/8,None,0,0,,,TA 419 - DPR - 2026-05-18.xlsx
TA 419,42/0,,C_PRESENT_RAW_WITH_START_DROPPED_IN_DAILY,Raw row has start date but missing from expanded daily dataset (pipeline drop),Review expansion/ingest filters for this project/location in erection pipeline,1,1,2026-05-10,42/0,None,0,0,,,TA 419 - DPR - 2026-05-18.xlsx
TA 419,43/3,,C_PRESENT_RAW_WITH_START_DROPPED_IN_DAILY,Raw row has start date but missing from expanded daily dataset (pipeline drop),Review expansion/ingest filters for this project/location in erection pipeline,1,1,2025-12-11,43/3,None,0,0,,,TA 419 - DPR - 2026-05-18.xlsx
TA 419,62/0,,C_PRESENT_RAW_WITH_START_DROPPED_IN_DAILY,Raw row has start date but missing from expanded daily dataset (pipeline drop),Review expansion/ingest filters for this project/location in erection pipeline,1,1,2026-01-15,62/0,None,0,0,,,TA 419 - DPR - 2026-05-18.xlsx
TA 419,63/6,,C_PRESENT_RAW_WITH_START_DROPPED_IN_DAILY,Raw row has start date but missing from expanded daily dataset (pipeline drop),Review expansion/ingest filters for this project/location in erection pipeline,1,1,2026-01-20,63/6,None,0,0,,,TA 419 - DPR - 2026-05-18.xlsx
TA 419,64/2,,C_PRESENT_RAW_WITH_START_DROPPED_IN_DAILY,Raw row has start date but missing from expanded daily dataset (pipeline drop),Review expansion/ingest filters for this project/location in erection pipeline,1,1,2026-05-11,64/2,None,0,0,,,TA 419 - DPR - 2026-05-18.xlsx
TA 419,64/3,,C_PRESENT_RAW_WITH_START_DROPPED_IN_DAILY,Raw row has start date but missing from expanded daily dataset (pipeline drop),Review expansion/ingest filters for this project/location in erection pipeline,1,1,2026-05-10,64/3,None,0,0,,,TA 419 - DPR - 2026-05-18.xlsx
TA 419,64A/0,,C_PRESENT_RAW_WITH_START_DROPPED_IN_DAILY,Raw row has start date but missing from expanded daily dataset (pipeline drop),Review expansion/ingest filters for this project/location in erection pipeline,1,1,2026-04-04,64A/0,None,0,0,,,TA 419 - DPR - 2026-05-18.xlsx
TA 419,81/0,,C_PRESENT_RAW_WITH_START_DROPPED_IN_DAILY,Raw row has start date but missing from expanded daily dataset (pipeline drop),Review expansion/ingest filters for this project/location in erection pipeline,1,1,2026-05-03,81/0,None,0,0,,,TA 419 - DPR - 2026-05-18.xlsx
TA 419,83/6,,C_PRESENT_RAW_WITH_START_DROPPED_IN_DAILY,Raw row has start date but missing from expanded daily dataset (pipeline drop),Review expansion/ingest filters for this project/location in erection pipeline,1,1,2026-01-05,83/6,None,0,0,,,TA 419 - DPR - 2026-05-18.xlsx
TA 419,83/8,,C_PRESENT_RAW_WITH_START_DROPPED_IN_DAILY,Raw row has start date but missing from expanded daily dataset (pipeline drop),Review expansion/ingest filters for this project/location in erection pipeline,1,1,2026-01-15,83/8,None,0,0,,,TA 419 - DPR - 2026-05-18.xlsx
TA 419,84/0,,C_PRESENT_RAW_WITH_START_DROPPED_IN_DAILY,Raw row has start date but missing from expanded daily dataset (pipeline drop),Review expansion/ingest filters for this project/location in erection pipeline,1,1,2026-01-09,84/0,None,0,0,,,TA 419 - DPR - 2026-05-18.xlsx
TA 421,43A/0,,C_PRESENT_RAW_WITH_START_DROPPED_IN_DAILY,Raw row has start date but missing from expanded daily dataset (pipeline drop),Review expansion/ingest filters for this project/location in erection pipeline,1,1,2025-12-19,43A/0,None,0,0,,,TA 421 - DPR - 2026-05-18.xlsx
TA 421,8/0,,C_PRESENT_RAW_WITH_START_DROPPED_IN_DAILY,Raw row has start date but missing from expanded daily dataset (pipeline drop),Review expansion/ingest filters for this project/location in erection pipeline,1,1,2025-12-22,8/0,None,0,0,,,TA 421 - DPR - 2026-05-18.xlsx
TA 505,117/0,,C_PRESENT_RAW_WITH_START_DROPPED_IN_DAILY,Raw row has start date but missing from expanded daily dataset (pipeline drop),Review expansion/ingest filters for this project/location in erection pipeline,1,1,2026-05-14,117/0,None,0,0,,,TA 505 - DPR - 2026-05-19.xlsx
TA 505,136/4,,C_PRESENT_RAW_WITH_START_DROPPED_IN_DAILY,Raw row has start date but missing from expanded daily dataset (pipeline drop),Review expansion/ingest filters for this project/location in erection pipeline,1,1,2026-05-16,136/4,None,0,0,,,TA 505 - DPR - 2026-05-19.xlsx
TA 505,182/0,,C_PRESENT_RAW_WITH_START_DROPPED_IN_DAILY,Raw row has start date but missing from expanded daily dataset (pipeline drop),Review expansion/ingest filters for this project/location in erection pipeline,1,1,2026-05-14,182/0,None,0,0,,,TA 505 - DPR - 2026-05-19.xlsx
TA 509,23/1,,C_PRESENT_RAW_WITH_START_DROPPED_IN_DAILY,Raw row has start date but missing from expanded daily dataset (pipeline drop),Review expansion/ingest filters for this project/location in erection pipeline,1,1,2026-05-18,23/1,None,0,0,,,TA 509 - DPR - 2026-05-18.xlsx
TA 509,28/0,,C_PRESENT_RAW_WITH_START_DROPPED_IN_DAILY,Raw row has start date but missing from expanded daily dataset (pipeline drop),Review expansion/ingest filters for this project/location in erection pipeline,1,1,2026-05-16,28/0,None,0,0,,,TA 509 - DPR - 2026-05-18.xlsx
TA 509,41/0,,C_PRESENT_RAW_WITH_START_DROPPED_IN_DAILY,Raw row has start date but missing from expanded daily dataset (pipeline drop),Review expansion/ingest filters for this project/location in erection pipeline,1,1,2026-04-22,41/0,None,0,0,,,TA 509 - DPR - 2026-05-18.xlsx
TA 509,46A/2,,C_PRESENT_RAW_WITH_START_DROPPED_IN_DAILY,Raw row has start date but missing from expanded daily dataset (pipeline drop),Review expansion/ingest filters for this project/location in erection pipeline,1,1,2026-05-18,46A/2,None,0,0,,,TA 509 - DPR - 2026-05-18.xlsx
TA 509,48/1,,C_PRESENT_RAW_WITH_START_DROPPED_IN_DAILY,Raw row has start date but missing from expanded daily dataset (pipeline drop),Review expansion/ingest filters for this project/location in erection pipeline,1,1,2026-05-18,48/1,None,0,0,,,TA 509 - DPR - 2026-05-18.xlsx
TA 509,5/0,,C_PRESENT_RAW_WITH_START_DROPPED_IN_DAILY,Raw row has start date but missing from expanded daily dataset (pipeline drop),Review expansion/ingest filters for this project/location in erection pipeline,1,1,2026-04-26,5/0,None,0,0,,,TA 509 - DPR - 2026-05-18.xlsx
TA 509,67/1,,C_PRESENT_RAW_WITH_START_DROPPED_IN_DAILY,Raw row has start date but missing from expanded daily dataset (pipeline drop),Review expansion/ingest filters for this project/location in erection pipeline,1,1,2026-05-15,67/1,None,0,0,,,TA 509 - DPR - 2026-05-18.xlsx
TA 512,32/5,,C_PRESENT_RAW_WITH_START_DROPPED_IN_DAILY,Raw row has start date but missing from expanded daily dataset (pipeline drop),Review expansion/ingest filters for this project/location in erection pipeline,1,1,2026-01-30,32/5,None,0,0,,,TA 512 - DPR - 2026-05-19.xlsx
TA 512,34/4,,C_PRESENT_RAW_WITH_START_DROPPED_IN_DAILY,Raw row has start date but missing from expanded daily dataset (pipeline drop),Review expansion/ingest filters for this project/location in erection pipeline,1,1,2026-05-17,34/4,None,0,0,,,TA 512 - DPR - 2026-05-19.xlsx
TA 512,34/5,,C_PRESENT_RAW_WITH_START_DROPPED_IN_DAILY,Raw row has start date but missing from expanded daily dataset (pipeline drop),Review expansion/ingest filters for this project/location in erection pipeline,1,1,2026-05-13,34/5,None,0,0,,,TA 512 - DPR - 2026-05-19.xlsx
TA 512,40/3,,C_PRESENT_RAW_WITH_START_DROPPED_IN_DAILY,Raw row has start date but missing from expanded daily dataset (pipeline drop),Review expansion/ingest filters for this project/location in erection pipeline,1,1,2026-05-16,40/3,None,0,0,,,TA 512 - DPR - 2026-05-19.xlsx
TA 513,51/4,,C_PRESENT_RAW_WITH_START_DROPPED_IN_DAILY,Raw row has start date but missing from expanded daily dataset (pipeline drop),Review expansion/ingest filters for this project/location in erection pipeline,1,1,2026-05-18,51/4,Ere S-P,0,0,,,TA 513 - DPR - 2026-05-19.xlsx
TA 601,100/7,,C_PRESENT_RAW_WITH_START_DROPPED_IN_DAILY,Raw row has start date but missing from expanded daily dataset (pipeline drop),Review expansion/ingest filters for this project/location in erection pipeline,1,1,2026-03-16,100/7,None,0,0,,,TA 601 - DPR - 2026-05-19.xlsx
TA 601,100/8,,C_PRESENT_RAW_WITH_START_DROPPED_IN_DAILY,Raw row has start date but missing from expanded daily dataset (pipeline drop),Review expansion/ingest filters for this project/location in erection pipeline,1,1,2026-03-30,100/8,None,0,0,,,TA 601 - DPR - 2026-05-19.xlsx
TA 601,99/6,,C_PRESENT_RAW_WITH_START_DROPPED_IN_DAILY,Raw row has start date but missing from expanded daily dataset (pipeline drop),Review expansion/ingest filters for this project/location in erection pipeline,1,1,2026-12-05,99/6,None,0,0,,,TA 601 - DPR - 2026-05-19.xlsx
TB 507,10/0,,C_PRESENT_RAW_WITH_START_DROPPED_IN_DAILY,Raw row has start date but missing from expanded daily dataset (pipeline drop),Review expansion/ingest filters for this project/location in erection pipeline,1,1,2026-05-12,10/0,MAIN,0,0,,,TB 507 [MAIN] - DPR - 2026-05-19.xlsx
TB 507,102/1,,C_PRESENT_RAW_WITH_START_DROPPED_IN_DAILY,Raw row has start date but missing from expanded daily dataset (pipeline drop),Review expansion/ingest filters for this project/location in erection pipeline,1,1,2026-05-10,102/1,MAIN,0,0,,,TB 507 [MAIN] - DPR - 2026-05-19.xlsx
TB 507,104B/0,,C_PRESENT_RAW_WITH_START_DROPPED_IN_DAILY,Raw row has start date but missing from expanded daily dataset (pipeline drop),Review expansion/ingest filters for this project/location in erection pipeline,1,1,2026-05-10,104B/0,MAIN,0,0,,,TB 507 [MAIN] - DPR - 2026-05-19.xlsx
TB 507,105/1,,C_PRESENT_RAW_WITH_START_DROPPED_IN_DAILY,Raw row has start date but missing from expanded daily dataset (pipeline drop),Review expansion/ingest filters for this project/location in erection pipeline,1,1,2026-04-30,105/1,MAIN,0,0,,,TB 507 [MAIN] - DPR - 2026-05-19.xlsx
TB 507,120/0,,C_PRESENT_RAW_WITH_START_DROPPED_IN_DAILY,Raw row has start date but missing from expanded daily dataset (pipeline drop),Review expansion/ingest filters for this project/location in erection pipeline,1,1,2026-05-19,120/0,MAIN,0,0,,,TB 507 [MAIN] - DPR - 2026-05-19.xlsx
TB 507,7/6,,C_PRESENT_RAW_WITH_START_DROPPED_IN_DAILY,Raw row has start date but missing from expanded daily dataset (pipeline drop),Review expansion/ingest filters for this project/location in erection pipeline,1,1,2026-05-16,7/6,MAIN,0,0,,,TB 507 [MAIN] - DPR - 2026-05-19.xlsx
TB 507,7/8,,C_PRESENT_RAW_WITH_START_DROPPED_IN_DAILY,Raw row has start date but missing from expanded daily dataset (pipeline drop),Review expansion/ingest filters for this project/location in erection pipeline,1,1,2026-05-16,7/8,MAIN,0,0,,,TB 507 [MAIN] - DPR - 2026-05-19.xlsx
TB 507,91/0,,C_PRESENT_RAW_WITH_START_DROPPED_IN_DAILY,Raw row has start date but missing from expanded daily dataset (pipeline drop),Review expansion/ingest filters for this project/location in erection pipeline,1,1,2026-05-19,91/0,MAIN,0,0,,,TB 507 [MAIN] - DPR - 2026-05-19.xlsx
TB 605,130/1,,C_PRESENT_RAW_WITH_START_DROPPED_IN_DAILY,Raw row has start date but missing from expanded daily dataset (pipeline drop),Review expansion/ingest filters for this project/location in erection pipeline,1,1,2026-05-15,130/1,Punjab,0,0,,,TB 605 - DPR - 2026-05-19.xlsx
TB 605,152/3,,C_PRESENT_RAW_WITH_START_DROPPED_IN_DAILY,Raw row has start date but missing from expanded daily dataset (pipeline drop),Review expansion/ingest filters for this project/location in erection pipeline,1,1,2026-05-16,152/3,Punjab,0,0,,,TB 605 - DPR - 2026-05-19.xlsx
TB 605,153/2,,C_PRESENT_RAW_WITH_START_DROPPED_IN_DAILY,Raw row has start date but missing from expanded daily dataset (pipeline drop),Review expansion/ingest filters for this project/location in erection pipeline,1,1,2026-05-19,153/2,Punjab,0,0,,,TB 605 - DPR - 2026-05-19.xlsx
TB 605,27/0,,C_PRESENT_RAW_WITH_START_DROPPED_IN_DAILY,Raw row has start date but missing from expanded daily dataset (pipeline drop),Review expansion/ingest filters for this project/location in erection pipeline,1,1,2025-12-11,27/0,Jammu,0,0,,,TB 605 - DPR - 2026-05-19.xlsx
TB 605,27/1,,C_PRESENT_RAW_WITH_START_DROPPED_IN_DAILY,Raw row has start date but missing from expanded daily dataset (pipeline drop),Review expansion/ingest filters for this project/location in erection pipeline,1,1,2026-05-16,27/1,Jammu,0,0,,,TB 605 - DPR - 2026-05-19.xlsx
TB 605,33/1,,C_PRESENT_RAW_WITH_START_DROPPED_IN_DAILY,Raw row has start date but missing from expanded daily dataset (pipeline drop),Review expansion/ingest filters for this project/location in erection pipeline,1,1,2026-05-17,33/1,Jammu,0,0,,,TB 605 - DPR - 2026-05-19.xlsx
TB 605,AP28,,C_PRESENT_RAW_WITH_START_DROPPED_IN_DAILY,Raw row has start date but missing from expanded daily dataset (pipeline drop),Review expansion/ingest filters for this project/location in erection pipeline,1,1,2026-05-19,AP28,Jammu,0,0,,,TB 605 - DPR - 2026-05-19.xlsx
TB 605,AP45,,C_PRESENT_RAW_WITH_START_DROPPED_IN_DAILY,Raw row has start date but missing from expanded daily dataset (pipeline drop),Review expansion/ingest filters for this project/location in erection pipeline,1,1,2026-05-15,AP45,Jammu,0,0,,,TB 605 - DPR - 2026-05-19.xlsx
TB 605,AP90,,C_PRESENT_RAW_WITH_START_DROPPED_IN_DAILY,Raw row has start date but missing from expanded daily dataset (pipeline drop),Review expansion/ingest filters for this project/location in erection pipeline,1,1,2026-05-16,AP90,Punjab,0,0,,,TB 605 - DPR - 2026-05-19.xlsx
TA 513,30/0,,D_PRESENT_IN_DAILY_BUT_UNMATCHED_IN_DELAY_JOIN,Exists in daily but unmatched in delay join due line-context ambiguity,Allow controlled location-only fallback when single-location cross-line ambiguity is acceptable,1,1,2025-12-08,30/0,Ere S-P,7,7,2025-12-08,Ere S-P,TA 513 - DPR - 2026-05-19.xlsx
TA 513,30/0,,D_PRESENT_IN_DAILY_BUT_UNMATCHED_IN_DELAY_JOIN,Exists in daily but unmatched in delay join due line-context ambiguity,Allow controlled location-only fallback when single-location cross-line ambiguity is acceptable,1,1,2025-12-08,30/0,Ere S-P,7,7,2025-12-08,Ere S-P,TA 513 - DPR - 2026-05-19.xlsx
